file_path,file_name,file_size_bytes,modality,vocal_channel,emotion_id,emotion_name,intensity_id,intensity_level,statement_id,statement_text,repetition_id,actor_id,speaker_id,gender,fold
B:\Experiments\Project Peter\Data\Raw\Actor_01\03-01-01-01-01-01-01.wav,03-01-01-01-01-01-01.wav,375720,03,01,1,neutral,1,normal,1,Kids are talking by the door,1,1,Actor_01,male,2
B:\Experiments\Project Peter\Data\Raw\Actor_01\03-01-01-01-01-02-01.wav,03-01-01-01-01-02-01.wav,379106,03,01,1,neutral,1,normal,1,Kids are talking by the door,2,1,Actor_01,male,2
B:\Experiments\Project Peter\Data\Raw\Actor_01\03-01-01-01-02-01-01.wav,03-01-01-01-02-01-01.wav,372698,03,01,1,neutral,1,normal,2,Dogs are sitting by the door,1,1,Actor_01,male,2
B:\Experiments\Project Peter\Data\Raw\Actor_01\03-01-01-01-02-02-01.wav,03-01-01-01-02-02-01.wav,363108,03,01,1,neutral,1,normal,2,Dogs are sitting by the door,2,1,Actor_01,male,2
B:\Experiments\Project Peter\Data\Raw\Actor_01\03-01-02-01-01-01-01.wav,03-01-02-01-01-01-01.wav,399494,03,01,2,calm,1,normal,1,Kids are talking by the door,1,1,Actor_01,male,2
B:\Experiments\Project Peter\Data\Raw\Actor_01\03-01-02-01-01-02-01.wav,03-01-02-01-01-02-01.wav,751848,03,01,2,calm,1,normal,1,Kids are talking by the door,2,1,Actor_01,male,2
B:\Experiments\Project Peter\Data\Raw\Actor_01\03-01-02-02-01-01-01.wav,03-01-02-02-01-01-01.wav,415516,03,01,2,calm,2,strong,1,Kids are talking by the door,1,1,Actor_01,male,2
B:\Experiments\Project Peter\Data\Raw\Actor_01\03-01-02-02-01-02-01.wav,03-01-02-02-01-02-01.wav,444344,03,01,2,calm,2,strong,1,Kids are talking by the door,2,1,Actor_01,male,2
B:\Experiments\Project Peter\Data\Raw\Actor_01\03-01-02-01-02-01-01.wav,03-01-02-01-02-01-01.wav,396294,03,01,2,calm,1,normal,2,Dogs are sitting by the door,1,1,Actor_01,male,2
B:\Experiments\Project Peter\Data\Raw\Actor_01\03-01-02-01-02-02-01.wav,03-01-02-01-02-02-01.wav,393086,03,01,2,calm,1,normal,2,Dogs are sitting by the door,2,1,Actor_01,male,2
B:\Experiments\Project Peter\Data\Raw\Actor_01\03-01-02-02-02-01-01.wav,03-01-02-02-02-01-01.wav,463564,03,01,2,calm,2,strong,2,Dogs are sitting by the door,1,1,Actor_01,male,2
B:\Experiments\Project Peter\Data\Raw\Actor_01\03-01-02-02-02-02-01.wav,03-01-02-02-02-02-01.wav,444344,03,01,2,calm,2,strong,2,Dogs are sitting by the door,2,1,Actor_01,male,2
B:\Experiments\Project Peter\Data\Raw\Actor_01\03-01-03-01-01-01-01.wav,03-01-03-01-01-01-01.wav,393094,03,01,3,happy,1,normal,1,Kids are talking by the door,1,1,Actor_01,male,2
B:\Experiments\Project Peter\Data\Raw\Actor_01\03-01-03-01-01-02-01.wav,03-01-03-01-01-02-01.wav,393092,03,01,3,happy,1,normal,1,Kids are talking by the door,2,1,Actor_01,male,2
B:\Experiments\Project Peter\Data\Raw\Actor_01\03-01-03-02-01-01-01.wav,03-01-03-02-01-01-01.wav,412300,03,01,3,happy,2,strong,1,Kids are talking by the door,1,1,Actor_01,male,2
B:\Experiments\Project Peter\Data\Raw\Actor_01\03-01-03-02-01-02-01.wav,03-01-03-02-01-02-01.wav,409108,03,01,3,happy,2,strong,1,Kids are talking by the door,2,1,Actor_01,male,2
B:\Experiments\Project Peter\Data\Raw\Actor_01\03-01-03-01-02-01-01.wav,03-01-03-01-02-01-01.wav,399498,03,01,3,happy,1,normal,2,Dogs are sitting by the door,1,1,Actor_01,male,2
B:\Experiments\Project Peter\Data\Raw\Actor_01\03-01-03-01-02-02-01.wav,03-01-03-01-02-02-01.wav,415516,03,01,3,happy,1,normal,2,Dogs are sitting by the door,2,1,Actor_01,male,2
B:\Experiments\Project Peter\Data\Raw\Actor_01\03-01-03-02-02-01-01.wav,03-01-03-02-02-01-01.wav,437936,03,01,3,happy,2,strong,2,Dogs are sitting by the door,1,1,Actor_01,male,2
B:\Experiments\Project Peter\Data\Raw\Actor_01\03-01-03-02-02-02-01.wav,03-01-03-02-02-02-01.wav,437938,03,01,3,happy,2,strong,2,Dogs are sitting by the door,2,1,Actor_01,male,2
B:\Experiments\Project Peter\Data\Raw\Actor_01\03-01-04-01-01-01-01.wav,03-01-04-01-01-01-01.wav,428338,03,01,4,sad,1,normal,1,Kids are talking by the door,1,1,Actor_01,male,2
B:\Experiments\Project Peter\Data\Raw\Actor_01\03-01-04-01-01-02-01.wav,03-01-04-01-01-02-01.wav,402714,03,01,4,sad,1,normal,1,Kids are talking by the door,2,1,Actor_01,male,2
B:\Experiments\Project Peter\Data\Raw\Actor_01\03-01-04-02-01-01-01.wav,03-01-04-02-01-01-01.wav,425138,03,01,4,sad,2,strong,1,Kids are talking by the door,1,1,Actor_01,male,2
B:\Experiments\Project Peter\Data\Raw\Actor_01\03-01-04-02-01-02-01.wav,03-01-04-02-01-02-01.wav,415530,03,01,4,sad,2,strong,1,Kids are talking by the door,2,1,Actor_01,male,2
B:\Experiments\Project Peter\Data\Raw\Actor_01\03-01-04-01-02-01-01.wav,03-01-04-01-02-01-01.wav,396306,03,01,4,sad,1,normal,2,Dogs are sitting by the door,1,1,Actor_01,male,2
B:\Experiments\Project Peter\Data\Raw\Actor_01\03-01-04-01-02-02-01.wav,03-01-04-01-02-02-01.wav,383494,03,01,4,sad,1,normal,2,Dogs are sitting by the door,2,1,Actor_01,male,2
B:\Experiments\Project Peter\Data\Raw\Actor_01\03-01-04-02-02-01-01.wav,03-01-04-02-02-01-01.wav,418734,03,01,4,sad,2,strong,2,Dogs are sitting by the door,1,1,Actor_01,male,2
B:\Experiments\Project Peter\Data\Raw\Actor_01\03-01-04-02-02-02-01.wav,03-01-04-02-02-02-01.wav,418732,03,01,4,sad,2,strong,2,Dogs are sitting by the door,2,1,Actor_01,male,2
B:\Experiments\Project Peter\Data\Raw\Actor_01\03-01-05-01-01-01-01.wav,03-01-05-01-01-01-01.wav,431546,03,01,5,angry,1,normal,1,Kids are talking by the door,1,1,Actor_01,male,2
B:\Experiments\Project Peter\Data\Raw\Actor_01\03-01-05-01-01-02-01.wav,03-01-05-01-01-02-01.wav,437952,03,01,5,angry,1,normal,1,Kids are talking by the door,2,1,Actor_01,male,2
B:\Experiments\Project Peter\Data\Raw\Actor_01\03-01-05-02-01-01-01.wav,03-01-05-02-01-01-01.wav,455342,03,01,5,angry,2,strong,1,Kids are talking by the door,1,1,Actor_01,male,2
B:\Experiments\Project Peter\Data\Raw\Actor_01\03-01-05-02-01-02-01.wav,03-01-05-02-01-02-01.wav,479606,03,01,5,angry,2,strong,1,Kids are talking by the door,2,1,Actor_01,male,2
B:\Experiments\Project Peter\Data\Raw\Actor_01\03-01-05-01-02-01-01.wav,03-01-05-01-02-01-01.wav,396310,03,01,5,angry,1,normal,2,Dogs are sitting by the door,1,1,Actor_01,male,2
B:\Experiments\Project Peter\Data\Raw\Actor_01\03-01-05-01-02-02-01.wav,03-01-05-01-02-02-01.wav,418732,03,01,5,angry,1,normal,2,Dogs are sitting by the door,2,1,Actor_01,male,2
B:\Experiments\Project Peter\Data\Raw\Actor_01\03-01-05-02-02-01-01.wav,03-01-05-02-02-01-01.wav,457178,03,01,5,angry,2,strong,2,Dogs are sitting by the door,1,1,Actor_01,male,2
B:\Experiments\Project Peter\Data\Raw\Actor_01\03-01-05-02-02-02-01.wav,03-01-05-02-02-02-01.wav,486012,03,01,5,angry,2,strong,2,Dogs are sitting by the door,2,1,Actor_01,male,2
B:\Experiments\Project Peter\Data\Raw\Actor_01\03-01-06-01-01-01-01.wav,03-01-06-01-01-01-01.wav,412342,03,01,6,fearful,1,normal,1,Kids are talking by the door,1,1,Actor_01,male,2
B:\Experiments\Project Peter\Data\Raw\Actor_01\03-01-06-01-01-02-01.wav,03-01-06-01-01-02-01.wav,409140,03,01,6,fearful,1,normal,1,Kids are talking by the door,2,1,Actor_01,male,2
B:\Experiments\Project Peter\Data\Raw\Actor_01\03-01-06-02-01-01-01.wav,03-01-06-02-01-01-01.wav,540470,03,01,6,fearful,2,strong,1,Kids are talking by the door,1,1,Actor_01,male,2
B:\Experiments\Project Peter\Data\Raw\Actor_01\03-01-06-02-01-02-01.wav,03-01-06-02-01-02-01.wav,466786,03,01,6,fearful,2,strong,1,Kids are talking by the door,2,1,Actor_01,male,2
B:\Experiments\Project Peter\Data\Raw\Actor_01\03-01-06-01-02-01-01.wav,03-01-06-01-02-01-01.wav,389916,03,01,6,fearful,1,normal,2,Dogs are sitting by the door,1,1,Actor_01,male,2
B:\Experiments\Project Peter\Data\Raw\Actor_01\03-01-06-01-02-02-01.wav,03-01-06-01-02-02-01.wav,415544,03,01,6,fearful,1,normal,2,Dogs are sitting by the door,2,1,Actor_01,male,2
B:\Experiments\Project Peter\Data\Raw\Actor_01\03-01-06-02-02-01-01.wav,03-01-06-02-02-01-01.wav,441170,03,01,6,fearful,2,strong,2,Dogs are sitting by the door,1,1,Actor_01,male,2
B:\Experiments\Project Peter\Data\Raw\Actor_01\03-01-06-02-02-02-01.wav,03-01-06-02-02-02-01.wav,434766,03,01,6,fearful,2,strong,2,Dogs are sitting by the door,2,1,Actor_01,male,2
B:\Experiments\Project Peter\Data\Raw\Actor_01\03-01-07-01-01-01-01.wav,03-01-07-01-01-01-01.wav,431554,03,01,7,disgust,1,normal,1,Kids are talking by the door,1,1,Actor_01,male,2
B:\Experiments\Project Peter\Data\Raw\Actor_01\03-01-07-01-01-02-01.wav,03-01-07-01-01-02-01.wav,434756,03,01,7,disgust,1,normal,1,Kids are talking by the door,2,1,Actor_01,male,2
B:\Experiments\Project Peter\Data\Raw\Actor_01\03-01-07-02-01-01-01.wav,03-01-07-02-01-01-01.wav,473196,03,01,7,disgust,2,strong,1,Kids are talking by the door,1,1,Actor_01,male,2
B:\Experiments\Project Peter\Data\Raw\Actor_01\03-01-07-02-01-02-01.wav,03-01-07-02-01-02-01.wav,453978,03,01,7,disgust,2,strong,1,Kids are talking by the door,2,1,Actor_01,male,2
B:\Experiments\Project Peter\Data\Raw\Actor_01\03-01-07-01-02-01-01.wav,03-01-07-01-02-01-01.wav,434760,03,01,7,disgust,1,normal,2,Dogs are sitting by the door,1,1,Actor_01,male,2
B:\Experiments\Project Peter\Data\Raw\Actor_01\03-01-07-01-02-02-01.wav,03-01-07-01-02-02-01.wav,428354,03,01,7,disgust,1,normal,2,Dogs are sitting by the door,2,1,Actor_01,male,2
B:\Experiments\Project Peter\Data\Raw\Actor_01\03-01-07-02-02-01-01.wav,03-01-07-02-02-01-01.wav,447572,03,01,7,disgust,2,strong,2,Dogs are sitting by the door,1,1,Actor_01,male,2
B:\Experiments\Project Peter\Data\Raw\Actor_01\03-01-07-02-02-02-01.wav,03-01-07-02-02-02-01.wav,479602,03,01,7,disgust,2,strong,2,Dogs are sitting by the door,2,1,Actor_01,male,2
B:\Experiments\Project Peter\Data\Raw\Actor_01\03-01-08-01-01-01-01.wav,03-01-08-01-01-01-01.wav,386692,03,01,8,surprised,1,normal,1,Kids are talking by the door,1,1,Actor_01,male,2
B:\Experiments\Project Peter\Data\Raw\Actor_01\03-01-08-01-01-02-01.wav,03-01-08-01-01-02-01.wav,373882,03,01,8,surprised,1,normal,1,Kids are talking by the door,2,1,Actor_01,male,2
B:\Experiments\Project Peter\Data\Raw\Actor_01\03-01-08-02-01-01-01.wav,03-01-08-02-01-01-01.wav,389898,03,01,8,surprised,2,strong,1,Kids are talking by the door,1,1,Actor_01,male,2
B:\Experiments\Project Peter\Data\Raw\Actor_01\03-01-08-02-01-02-01.wav,03-01-08-02-01-02-01.wav,402712,03,01,8,surprised,2,strong,1,Kids are talking by the door,2,1,Actor_01,male,2
B:\Experiments\Project Peter\Data\Raw\Actor_01\03-01-08-01-02-01-01.wav,03-01-08-01-02-01-01.wav,399392,03,01,8,surprised,1,normal,2,Dogs are sitting by the door,1,1,Actor_01,male,2
B:\Experiments\Project Peter\Data\Raw\Actor_01\03-01-08-01-02-02-01.wav,03-01-08-01-02-02-01.wav,687780,03,01,8,surprised,1,normal,2,Dogs are sitting by the door,2,1,Actor_01,male,2
B:\Experiments\Project Peter\Data\Raw\Actor_01\03-01-08-02-02-01-01.wav,03-01-08-02-02-01-01.wav,396306,03,01,8,surprised,2,strong,2,Dogs are sitting by the door,1,1,Actor_01,male,2
B:\Experiments\Project Peter\Data\Raw\Actor_01\03-01-08-02-02-02-01.wav,03-01-08-02-02-02-01.wav,373884,03,01,8,surprised,2,strong,2,Dogs are sitting by the door,2,1,Actor_01,male,2
B:\Experiments\Project Peter\Data\Raw\Actor_02\03-01-01-01-01-01-02.wav,03-01-01-01-01-01-02.wav,410114,03,01,1,neutral,1,normal,1,Kids are talking by the door,1,2,Actor_02,female,0
B:\Experiments\Project Peter\Data\Raw\Actor_02\03-01-01-01-01-02-02.wav,03-01-01-01-01-02-02.wav,406912,03,01,1,neutral,1,normal,1,Kids are talking by the door,2,2,Actor_02,female,0
B:\Experiments\Project Peter\Data\Raw\Actor_02\03-01-01-01-02-01-02.wav,03-01-01-01-02-01-02.wav,422926,03,01,1,neutral,1,normal,2,Dogs are sitting by the door,1,2,Actor_02,female,0
B:\Experiments\Project Peter\Data\Raw\Actor_02\03-01-01-01-02-02-02.wav,03-01-01-01-02-02-02.wav,406910,03,01,1,neutral,1,normal,2,Dogs are sitting by the door,2,2,Actor_02,female,0
B:\Experiments\Project Peter\Data\Raw\Actor_02\03-01-02-01-01-01-02.wav,03-01-02-01-01-01-02.wav,429350,03,01,2,calm,1,normal,1,Kids are talking by the door,1,2,Actor_02,female,0
B:\Experiments\Project Peter\Data\Raw\Actor_02\03-01-02-01-01-02-02.wav,03-01-02-01-01-02-02.wav,445370,03,01,2,calm,1,normal,1,Kids are talking by the door,2,2,Actor_02,female,0
B:\Experiments\Project Peter\Data\Raw\Actor_02\03-01-02-02-01-01-02.wav,03-01-02-02-01-01-02.wav,458184,03,01,2,calm,2,strong,1,Kids are talking by the door,1,2,Actor_02,female,0
B:\Experiments\Project Peter\Data\Raw\Actor_02\03-01-02-02-01-02-02.wav,03-01-02-02-01-02-02.wav,448574,03,01,2,calm,2,strong,1,Kids are talking by the door,2,2,Actor_02,female,0
B:\Experiments\Project Peter\Data\Raw\Actor_02\03-01-02-01-02-01-02.wav,03-01-02-01-02-01-02.wav,429354,03,01,2,calm,1,normal,2,Dogs are sitting by the door,1,2,Actor_02,female,0
B:\Experiments\Project Peter\Data\Raw\Actor_02\03-01-02-01-02-02-02.wav,03-01-02-01-02-02-02.wav,442166,03,01,2,calm,1,normal,2,Dogs are sitting by the door,2,2,Actor_02,female,0
B:\Experiments\Project Peter\Data\Raw\Actor_02\03-01-02-02-02-01-02.wav,03-01-02-02-02-01-02.wav,454980,03,01,2,calm,2,strong,2,Dogs are sitting by the door,1,2,Actor_02,female,0
B:\Experiments\Project Peter\Data\Raw\Actor_02\03-01-02-02-02-02-02.wav,03-01-02-02-02-02-02.wav,454980,03,01,2,calm,2,strong,2,Dogs are sitting by the door,2,2,Actor_02,female,0
B:\Experiments\Project Peter\Data\Raw\Actor_02\03-01-03-01-01-01-02.wav,03-01-03-01-01-01-02.wav,406932,03,01,3,happy,1,normal,1,Kids are talking by the door,1,2,Actor_02,female,0
B:\Experiments\Project Peter\Data\Raw\Actor_02\03-01-03-01-01-02-02.wav,03-01-03-01-01-02-02.wav,416540,03,01,3,happy,1,normal,1,Kids are talking by the door,2,2,Actor_02,female,0
B:\Experiments\Project Peter\Data\Raw\Actor_02\03-01-03-02-01-01-02.wav,03-01-03-02-01-01-02.wav,416542,03,01,3,happy,2,strong,1,Kids are talking by the door,1,2,Actor_02,female,0
B:\Experiments\Project Peter\Data\Raw\Actor_02\03-01-03-02-01-02-02.wav,03-01-03-02-01-02-02.wav,413338,03,01,3,happy,2,strong,1,Kids are talking by the door,2,2,Actor_02,female,0
B:\Experiments\Project Peter\Data\Raw\Actor_02\03-01-03-01-02-01-02.wav,03-01-03-01-02-01-02.wav,422948,03,01,3,happy,1,normal,2,Dogs are sitting by the door,1,2,Actor_02,female,0
B:\Experiments\Project Peter\Data\Raw\Actor_02\03-01-03-01-02-02-02.wav,03-01-03-01-02-02-02.wav,419746,03,01,3,happy,1,normal,2,Dogs are sitting by the door,2,2,Actor_02,female,0
B:\Experiments\Project Peter\Data\Raw\Actor_02\03-01-03-02-02-01-02.wav,03-01-03-02-02-01-02.wav,416542,03,01,3,happy,2,strong,2,Dogs are sitting by the door,1,2,Actor_02,female,0
B:\Experiments\Project Peter\Data\Raw\Actor_02\03-01-03-02-02-02-02.wav,03-01-03-02-02-02-02.wav,432556,03,01,3,happy,2,strong,2,Dogs are sitting by the door,2,2,Actor_02,female,0
B:\Experiments\Project Peter\Data\Raw\Actor_02\03-01-04-01-01-01-02.wav,03-01-04-01-01-01-02.wav,429334,03,01,4,sad,1,normal,1,Kids are talking by the door,1,2,Actor_02,female,0
B:\Experiments\Project Peter\Data\Raw\Actor_02\03-01-04-01-01-02-02.wav,03-01-04-01-01-02-02.wav,422928,03,01,4,sad,1,normal,1,Kids are talking by the door,2,2,Actor_02,female,0
B:\Experiments\Project Peter\Data\Raw\Actor_02\03-01-04-02-01-01-02.wav,03-01-04-02-01-01-02.wav,419730,03,01,4,sad,2,strong,1,Kids are talking by the door,1,2,Actor_02,female,0
B:\Experiments\Project Peter\Data\Raw\Actor_02\03-01-04-02-01-02-02.wav,03-01-04-02-01-02-02.wav,422930,03,01,4,sad,2,strong,1,Kids are talking by the door,2,2,Actor_02,female,0
B:\Experiments\Project Peter\Data\Raw\Actor_02\03-01-04-01-02-01-02.wav,03-01-04-01-02-01-02.wav,419722,03,01,4,sad,1,normal,2,Dogs are sitting by the door,1,2,Actor_02,female,0
B:\Experiments\Project Peter\Data\Raw\Actor_02\03-01-04-01-02-02-02.wav,03-01-04-01-02-02-02.wav,422928,03,01,4,sad,1,normal,2,Dogs are sitting by the door,2,2,Actor_02,female,0
B:\Experiments\Project Peter\Data\Raw\Actor_02\03-01-04-02-02-01-02.wav,03-01-04-02-02-01-02.wav,416524,03,01,4,sad,2,strong,2,Dogs are sitting by the door,1,2,Actor_02,female,0
B:\Experiments\Project Peter\Data\Raw\Actor_02\03-01-04-02-02-02-02.wav,03-01-04-02-02-02-02.wav,413322,03,01,4,sad,2,strong,2,Dogs are sitting by the door,2,2,Actor_02,female,0
B:\Experiments\Project Peter\Data\Raw\Actor_02\03-01-05-01-01-01-02.wav,03-01-05-01-01-01-02.wav,413322,03,01,5,angry,1,normal,1,Kids are talking by the door,1,2,Actor_02,female,0
B:\Experiments\Project Peter\Data\Raw\Actor_02\03-01-05-01-01-02-02.wav,03-01-05-01-01-02-02.wav,413322,03,01,5,angry,1,normal,1,Kids are talking by the door,2,2,Actor_02,female,0
B:\Experiments\Project Peter\Data\Raw\Actor_02\03-01-05-02-01-01-02.wav,03-01-05-02-01-01-02.wav,435746,03,01,5,angry,2,strong,1,Kids are talking by the door,1,2,Actor_02,female,0
B:\Experiments\Project Peter\Data\Raw\Actor_02\03-01-05-02-01-02-02.wav,03-01-05-02-01-02-02.wav,445354,03,01,5,angry,2,strong,1,Kids are talking by the door,2,2,Actor_02,female,0
B:\Experiments\Project Peter\Data\Raw\Actor_02\03-01-05-01-02-01-02.wav,03-01-05-01-02-01-02.wav,422930,03,01,5,angry,1,normal,2,Dogs are sitting by the door,1,2,Actor_02,female,0
B:\Experiments\Project Peter\Data\Raw\Actor_02\03-01-05-01-02-02-02.wav,03-01-05-01-02-02-02.wav,426124,03,01,5,angry,1,normal,2,Dogs are sitting by the door,2,2,Actor_02,female,0
B:\Experiments\Project Peter\Data\Raw\Actor_02\03-01-05-02-02-01-02.wav,03-01-05-02-02-01-02.wav,445372,03,01,5,angry,2,strong,2,Dogs are sitting by the door,1,2,Actor_02,female,0
B:\Experiments\Project Peter\Data\Raw\Actor_02\03-01-05-02-02-02-02.wav,03-01-05-02-02-02-02.wav,445368,03,01,5,angry,2,strong,2,Dogs are sitting by the door,2,2,Actor_02,female,0
B:\Experiments\Project Peter\Data\Raw\Actor_02\03-01-06-01-01-01-02.wav,03-01-06-01-01-01-02.wav,410134,03,01,6,fearful,1,normal,1,Kids are talking by the door,1,2,Actor_02,female,0
B:\Experiments\Project Peter\Data\Raw\Actor_02\03-01-06-01-01-02-02.wav,03-01-06-01-01-02-02.wav,419742,03,01,6,fearful,1,normal,1,Kids are talking by the door,2,2,Actor_02,female,0
B:\Experiments\Project Peter\Data\Raw\Actor_02\03-01-06-02-01-01-02.wav,03-01-06-02-01-01-02.wav,426040,03,01,6,fearful,2,strong,1,Kids are talking by the door,1,2,Actor_02,female,0
B:\Experiments\Project Peter\Data\Raw\Actor_02\03-01-06-02-01-02-02.wav,03-01-06-02-01-02-02.wav,410126,03,01,6,fearful,2,strong,1,Kids are talking by the door,2,2,Actor_02,female,0
B:\Experiments\Project Peter\Data\Raw\Actor_02\03-01-06-01-02-01-02.wav,03-01-06-01-02-01-02.wav,413336,03,01,6,fearful,1,normal,2,Dogs are sitting by the door,1,2,Actor_02,female,0
B:\Experiments\Project Peter\Data\Raw\Actor_02\03-01-06-01-02-02-02.wav,03-01-06-01-02-02-02.wav,419732,03,01,6,fearful,1,normal,2,Dogs are sitting by the door,2,2,Actor_02,female,0
B:\Experiments\Project Peter\Data\Raw\Actor_02\03-01-06-02-02-01-02.wav,03-01-06-02-02-01-02.wav,406922,03,01,6,fearful,2,strong,2,Dogs are sitting by the door,1,2,Actor_02,female,0
B:\Experiments\Project Peter\Data\Raw\Actor_02\03-01-06-02-02-02-02.wav,03-01-06-02-02-02-02.wav,406928,03,01,6,fearful,2,strong,2,Dogs are sitting by the door,2,2,Actor_02,female,0
B:\Experiments\Project Peter\Data\Raw\Actor_02\03-01-07-01-01-01-02.wav,03-01-07-01-01-01-02.wav,413334,03,01,7,disgust,1,normal,1,Kids are talking by the door,1,2,Actor_02,female,0
B:\Experiments\Project Peter\Data\Raw\Actor_02\03-01-07-01-01-02-02.wav,03-01-07-01-01-02-02.wav,408986,03,01,7,disgust,1,normal,1,Kids are talking by the door,2,2,Actor_02,female,0
B:\Experiments\Project Peter\Data\Raw\Actor_02\03-01-07-02-01-01-02.wav,03-01-07-02-01-01-02.wav,458178,03,01,7,disgust,2,strong,1,Kids are talking by the door,1,2,Actor_02,female,0
B:\Experiments\Project Peter\Data\Raw\Actor_02\03-01-07-02-01-02-02.wav,03-01-07-02-01-02-02.wav,458178,03,01,7,disgust,2,strong,1,Kids are talking by the door,2,2,Actor_02,female,0
B:\Experiments\Project Peter\Data\Raw\Actor_02\03-01-07-01-02-01-02.wav,03-01-07-01-02-01-02.wav,431722,03,01,7,disgust,1,normal,2,Dogs are sitting by the door,1,2,Actor_02,female,0
B:\Experiments\Project Peter\Data\Raw\Actor_02\03-01-07-01-02-02-02.wav,03-01-07-01-02-02-02.wav,429350,03,01,7,disgust,1,normal,2,Dogs are sitting by the door,2,2,Actor_02,female,0
B:\Experiments\Project Peter\Data\Raw\Actor_02\03-01-07-02-02-01-02.wav,03-01-07-02-02-01-02.wav,444508,03,01,7,disgust,2,strong,2,Dogs are sitting by the door,1,2,Actor_02,female,0
B:\Experiments\Project Peter\Data\Raw\Actor_02\03-01-07-02-02-02-02.wav,03-01-07-02-02-02-02.wav,448570,03,01,7,disgust,2,strong,2,Dogs are sitting by the door,2,2,Actor_02,female,0
B:\Experiments\Project Peter\Data\Raw\Actor_02\03-01-08-01-01-01-02.wav,03-01-08-01-01-01-02.wav,400524,03,01,8,surprised,1,normal,1,Kids are talking by the door,1,2,Actor_02,female,0
B:\Experiments\Project Peter\Data\Raw\Actor_02\03-01-08-01-01-02-02.wav,03-01-08-01-01-02-02.wav,400524,03,01,8,surprised,1,normal,1,Kids are talking by the door,2,2,Actor_02,female,0
B:\Experiments\Project Peter\Data\Raw\Actor_02\03-01-08-02-01-01-02.wav,03-01-08-02-01-01-02.wav,419742,03,01,8,surprised,2,strong,1,Kids are talking by the door,1,2,Actor_02,female,0
B:\Experiments\Project Peter\Data\Raw\Actor_02\03-01-08-02-01-02-02.wav,03-01-08-02-01-02-02.wav,422946,03,01,8,surprised,2,strong,1,Kids are talking by the door,2,2,Actor_02,female,0
B:\Experiments\Project Peter\Data\Raw\Actor_02\03-01-08-01-02-01-02.wav,03-01-08-01-02-01-02.wav,406930,03,01,8,surprised,1,normal,2,Dogs are sitting by the door,1,2,Actor_02,female,0
B:\Experiments\Project Peter\Data\Raw\Actor_02\03-01-08-01-02-02-02.wav,03-01-08-01-02-02-02.wav,400524,03,01,8,surprised,1,normal,2,Dogs are sitting by the door,2,2,Actor_02,female,0
B:\Experiments\Project Peter\Data\Raw\Actor_02\03-01-08-02-02-01-02.wav,03-01-08-02-02-01-02.wav,419744,03,01,8,surprised,2,strong,2,Dogs are sitting by the door,1,2,Actor_02,female,0
B:\Experiments\Project Peter\Data\Raw\Actor_02\03-01-08-02-02-02-02.wav,03-01-08-02-02-02-02.wav,426150,03,01,8,surprised,2,strong,2,Dogs are sitting by the door,2,2,Actor_02,female,0
B:\Experiments\Project Peter\Data\Raw\Actor_03\03-01-01-01-01-01-03.wav,03-01-01-01-01-01-03.wav,379588,03,01,1,neutral,1,normal,1,Kids are talking by the door,1,3,Actor_03,male,1
B:\Experiments\Project Peter\Data\Raw\Actor_03\03-01-01-01-01-02-03.wav,03-01-01-01-01-02-03.wav,385994,03,01,1,neutral,1,normal,1,Kids are talking by the door,2,3,Actor_03,male,1
B:\Experiments\Project Peter\Data\Raw\Actor_03\03-01-01-01-02-01-03.wav,03-01-01-01-02-01-03.wav,385986,03,01,1,neutral,1,normal,2,Dogs are sitting by the door,1,3,Actor_03,male,1
B:\Experiments\Project Peter\Data\Raw\Actor_03\03-01-01-01-02-02-03.wav,03-01-01-01-02-02-03.wav,382784,03,01,1,neutral,1,normal,2,Dogs are sitting by the door,2,3,Actor_03,male,1
B:\Experiments\Project Peter\Data\Raw\Actor_03\03-01-02-01-01-01-03.wav,03-01-02-01-01-01-03.wav,418036,03,01,2,calm,1,normal,1,Kids are talking by the door,1,3,Actor_03,male,1
B:\Experiments\Project Peter\Data\Raw\Actor_03\03-01-02-01-01-02-03.wav,03-01-02-01-01-02-03.wav,408426,03,01,2,calm,1,normal,1,Kids are talking by the door,2,3,Actor_03,male,1
B:\Experiments\Project Peter\Data\Raw\Actor_03\03-01-02-02-01-01-03.wav,03-01-02-02-01-01-03.wav,437254,03,01,2,calm,2,strong,1,Kids are talking by the door,1,3,Actor_03,male,1
B:\Experiments\Project Peter\Data\Raw\Actor_03\03-01-02-02-01-02-03.wav,03-01-02-02-01-02-03.wav,430848,03,01,2,calm,2,strong,1,Kids are talking by the door,2,3,Actor_03,male,1
B:\Experiments\Project Peter\Data\Raw\Actor_03\03-01-02-01-02-01-03.wav,03-01-02-01-02-01-03.wav,418038,03,01,2,calm,1,normal,2,Dogs are sitting by the door,1,3,Actor_03,male,1
B:\Experiments\Project Peter\Data\Raw\Actor_03\03-01-02-01-02-02-03.wav,03-01-02-01-02-02-03.wav,430844,03,01,2,calm,1,normal,2,Dogs are sitting by the door,2,3,Actor_03,male,1
B:\Experiments\Project Peter\Data\Raw\Actor_03\03-01-02-02-02-01-03.wav,03-01-02-02-02-01-03.wav,446862,03,01,2,calm,2,strong,2,Dogs are sitting by the door,1,3,Actor_03,male,1
B:\Experiments\Project Peter\Data\Raw\Actor_03\03-01-02-02-02-02-03.wav,03-01-02-02-02-02-03.wav,434050,03,01,2,calm,2,strong,2,Dogs are sitting by the door,2,3,Actor_03,male,1
B:\Experiments\Project Peter\Data\Raw\Actor_03\03-01-03-01-01-01-03.wav,03-01-03-01-01-01-03.wav,411628,03,01,3,happy,1,normal,1,Kids are talking by the door,1,3,Actor_03,male,1
B:\Experiments\Project Peter\Data\Raw\Actor_03\03-01-03-01-01-02-03.wav,03-01-03-01-01-02-03.wav,395612,03,01,3,happy,1,normal,1,Kids are talking by the door,2,3,Actor_03,male,1
B:\Experiments\Project Peter\Data\Raw\Actor_03\03-01-03-02-01-01-03.wav,03-01-03-02-01-01-03.wav,462882,03,01,3,happy,2,strong,1,Kids are talking by the door,1,3,Actor_03,male,1
B:\Experiments\Project Peter\Data\Raw\Actor_03\03-01-03-02-01-02-03.wav,03-01-03-02-01-02-03.wav,472490,03,01,3,happy,2,strong,1,Kids are talking by the door,2,3,Actor_03,male,1
B:\Experiments\Project Peter\Data\Raw\Actor_03\03-01-03-01-02-01-03.wav,03-01-03-01-02-01-03.wav,386006,03,01,3,happy,1,normal,2,Dogs are sitting by the door,1,3,Actor_03,male,1
B:\Experiments\Project Peter\Data\Raw\Actor_03\03-01-03-01-02-02-03.wav,03-01-03-01-02-02-03.wav,386006,03,01,3,happy,1,normal,2,Dogs are sitting by the door,2,3,Actor_03,male,1
B:\Experiments\Project Peter\Data\Raw\Actor_03\03-01-03-02-02-01-03.wav,03-01-03-02-02-01-03.wav,446864,03,01,3,happy,2,strong,2,Dogs are sitting by the door,1,3,Actor_03,male,1
B:\Experiments\Project Peter\Data\Raw\Actor_03\03-01-03-02-02-02-03.wav,03-01-03-02-02-02-03.wav,418036,03,01,3,happy,2,strong,2,Dogs are sitting by the door,2,3,Actor_03,male,1
B:\Experiments\Project Peter\Data\Raw\Actor_03\03-01-04-01-01-01-03.wav,03-01-04-01-01-01-03.wav,395608,03,01,4,sad,1,normal,1,Kids are talking by the door,1,3,Actor_03,male,1
B:\Experiments\Project Peter\Data\Raw\Actor_03\03-01-04-01-01-02-03.wav,03-01-04-01-01-02-03.wav,392404,03,01,4,sad,1,normal,1,Kids are talking by the door,2,3,Actor_03,male,1
B:\Experiments\Project Peter\Data\Raw\Actor_03\03-01-04-02-01-01-03.wav,03-01-04-02-01-01-03.wav,411624,03,01,4,sad,2,strong,1,Kids are talking by the door,1,3,Actor_03,male,1
B:\Experiments\Project Peter\Data\Raw\Actor_03\03-01-04-02-01-02-03.wav,03-01-04-02-01-02-03.wav,418022,03,01,4,sad,2,strong,1,Kids are talking by the door,2,3,Actor_03,male,1
B:\Experiments\Project Peter\Data\Raw\Actor_03\03-01-04-01-02-01-03.wav,03-01-04-01-02-01-03.wav,392404,03,01,4,sad,1,normal,2,Dogs are sitting by the door,1,3,Actor_03,male,1
B:\Experiments\Project Peter\Data\Raw\Actor_03\03-01-04-01-02-02-03.wav,03-01-04-01-02-02-03.wav,389202,03,01,4,sad,1,normal,2,Dogs are sitting by the door,2,3,Actor_03,male,1
B:\Experiments\Project Peter\Data\Raw\Actor_03\03-01-04-02-02-01-03.wav,03-01-04-02-02-01-03.wav,382794,03,01,4,sad,2,strong,2,Dogs are sitting by the door,1,3,Actor_03,male,1
B:\Experiments\Project Peter\Data\Raw\Actor_03\03-01-04-02-02-02-03.wav,03-01-04-02-02-02-03.wav,405216,03,01,4,sad,2,strong,2,Dogs are sitting by the door,2,3,Actor_03,male,1
B:\Experiments\Project Peter\Data\Raw\Actor_03\03-01-05-01-01-01-03.wav,03-01-05-01-01-01-03.wav,434044,03,01,5,angry,1,normal,1,Kids are talking by the door,1,3,Actor_03,male,1
B:\Experiments\Project Peter\Data\Raw\Actor_03\03-01-05-01-01-02-03.wav,03-01-05-01-01-02-03.wav,440442,03,01,5,angry,1,normal,1,Kids are talking by the door,2,3,Actor_03,male,1
B:\Experiments\Project Peter\Data\Raw\Actor_03\03-01-05-02-01-01-03.wav,03-01-05-02-01-01-03.wav,472488,03,01,5,angry,2,strong,1,Kids are talking by the door,1,3,Actor_03,male,1
B:\Experiments\Project Peter\Data\Raw\Actor_03\03-01-05-02-01-02-03.wav,03-01-05-02-01-02-03.wav,472490,03,01,5,angry,2,strong,1,Kids are talking by the door,2,3,Actor_03,male,1
B:\Experiments\Project Peter\Data\Raw\Actor_03\03-01-05-01-02-01-03.wav,03-01-05-01-02-01-03.wav,414826,03,01,5,angry,1,normal,2,Dogs are sitting by the door,1,3,Actor_03,male,1
B:\Experiments\Project Peter\Data\Raw\Actor_03\03-01-05-01-02-02-03.wav,03-01-05-01-02-02-03.wav,418028,03,01,5,angry,1,normal,2,Dogs are sitting by the door,2,3,Actor_03,male,1
B:\Experiments\Project Peter\Data\Raw\Actor_03\03-01-05-02-02-01-03.wav,03-01-05-02-02-01-03.wav,456466,03,01,5,angry,2,strong,2,Dogs are sitting by the door,1,3,Actor_03,male,1
B:\Experiments\Project Peter\Data\Raw\Actor_03\03-01-05-02-02-02-03.wav,03-01-05-02-02-02-03.wav,482098,03,01,5,angry,2,strong,2,Dogs are sitting by the door,2,3,Actor_03,male,1
B:\Experiments\Project Peter\Data\Raw\Actor_03\03-01-06-01-01-01-03.wav,03-01-06-01-01-01-03.wav,408426,03,01,6,fearful,1,normal,1,Kids are talking by the door,1,3,Actor_03,male,1
B:\Experiments\Project Peter\Data\Raw\Actor_03\03-01-06-01-01-02-03.wav,03-01-06-01-01-02-03.wav,418038,03,01,6,fearful,1,normal,1,Kids are talking by the door,2,3,Actor_03,male,1
B:\Experiments\Project Peter\Data\Raw\Actor_03\03-01-06-02-01-01-03.wav,03-01-06-02-01-01-03.wav,366788,03,01,6,fearful,2,strong,1,Kids are talking by the door,1,3,Actor_03,male,1
B:\Experiments\Project Peter\Data\Raw\Actor_03\03-01-06-02-01-02-03.wav,03-01-06-02-01-02-03.wav,424444,03,01,6,fearful,2,strong,1,Kids are talking by the door,2,3,Actor_03,male,1
B:\Experiments\Project Peter\Data\Raw\Actor_03\03-01-06-01-02-01-03.wav,03-01-06-01-02-01-03.wav,386002,03,01,6,fearful,1,normal,2,Dogs are sitting by the door,1,3,Actor_03,male,1
B:\Experiments\Project Peter\Data\Raw\Actor_03\03-01-06-01-02-02-03.wav,03-01-06-01-02-02-03.wav,357174,03,01,6,fearful,1,normal,2,Dogs are sitting by the door,2,3,Actor_03,male,1
B:\Experiments\Project Peter\Data\Raw\Actor_03\03-01-06-02-02-01-03.wav,03-01-06-02-02-01-03.wav,366788,03,01,6,fearful,2,strong,2,Dogs are sitting by the door,1,3,Actor_03,male,1
B:\Experiments\Project Peter\Data\Raw\Actor_03\03-01-06-02-02-02-03.wav,03-01-06-02-02-02-03.wav,379600,03,01,6,fearful,2,strong,2,Dogs are sitting by the door,2,3,Actor_03,male,1
B:\Experiments\Project Peter\Data\Raw\Actor_03\03-01-07-01-01-01-03.wav,03-01-07-01-01-01-03.wav,437258,03,01,7,disgust,1,normal,1,Kids are talking by the door,1,3,Actor_03,male,1
B:\Experiments\Project Peter\Data\Raw\Actor_03\03-01-07-01-01-02-03.wav,03-01-07-01-01-02-03.wav,430852,03,01,7,disgust,1,normal,1,Kids are talking by the door,2,3,Actor_03,male,1
B:\Experiments\Project Peter\Data\Raw\Actor_03\03-01-07-02-01-01-03.wav,03-01-07-02-01-01-03.wav,443664,03,01,7,disgust,2,strong,1,Kids are talking by the door,1,3,Actor_03,male,1
B:\Experiments\Project Peter\Data\Raw\Actor_03\03-01-07-02-01-02-03.wav,03-01-07-02-01-02-03.wav,443664,03,01,7,disgust,2,strong,1,Kids are talking by the door,2,3,Actor_03,male,1
B:\Experiments\Project Peter\Data\Raw\Actor_03\03-01-07-01-02-01-03.wav,03-01-07-01-02-01-03.wav,395616,03,01,7,disgust,1,normal,2,Dogs are sitting by the door,1,3,Actor_03,male,1
B:\Experiments\Project Peter\Data\Raw\Actor_03\03-01-07-01-02-02-03.wav,03-01-07-01-02-02-03.wav,411632,03,01,7,disgust,1,normal,2,Dogs are sitting by the door,2,3,Actor_03,male,1
B:\Experiments\Project Peter\Data\Raw\Actor_03\03-01-07-02-02-01-03.wav,03-01-07-02-02-01-03.wav,418038,03,01,7,disgust,2,strong,2,Dogs are sitting by the door,1,3,Actor_03,male,1
B:\Experiments\Project Peter\Data\Raw\Actor_03\03-01-07-02-02-02-03.wav,03-01-07-02-02-02-03.wav,427648,03,01,7,disgust,2,strong,2,Dogs are sitting by the door,2,3,Actor_03,male,1
B:\Experiments\Project Peter\Data\Raw\Actor_03\03-01-08-01-01-01-03.wav,03-01-08-01-01-01-03.wav,360378,03,01,8,surprised,1,normal,1,Kids are talking by the door,1,3,Actor_03,male,1
B:\Experiments\Project Peter\Data\Raw\Actor_03\03-01-08-01-01-02-03.wav,03-01-08-01-01-02-03.wav,373194,03,01,8,surprised,1,normal,1,Kids are talking by the door,2,3,Actor_03,male,1
B:\Experiments\Project Peter\Data\Raw\Actor_03\03-01-08-02-01-01-03.wav,03-01-08-02-01-01-03.wav,363584,03,01,8,surprised,2,strong,1,Kids are talking by the door,1,3,Actor_03,male,1
B:\Experiments\Project Peter\Data\Raw\Actor_03\03-01-08-02-01-02-03.wav,03-01-08-02-01-02-03.wav,395616,03,01,8,surprised,2,strong,1,Kids are talking by the door,2,3,Actor_03,male,1
B:\Experiments\Project Peter\Data\Raw\Actor_03\03-01-08-01-02-01-03.wav,03-01-08-01-02-01-03.wav,357176,03,01,8,surprised,1,normal,2,Dogs are sitting by the door,1,3,Actor_03,male,1
B:\Experiments\Project Peter\Data\Raw\Actor_03\03-01-08-01-02-02-03.wav,03-01-08-01-02-02-03.wav,392410,03,01,8,surprised,1,normal,2,Dogs are sitting by the door,2,3,Actor_03,male,1
B:\Experiments\Project Peter\Data\Raw\Actor_03\03-01-08-02-02-01-03.wav,03-01-08-02-02-01-03.wav,386006,03,01,8,surprised,2,strong,2,Dogs are sitting by the door,1,3,Actor_03,male,1
B:\Experiments\Project Peter\Data\Raw\Actor_03\03-01-08-02-02-02-03.wav,03-01-08-02-02-02-03.wav,360380,03,01,8,surprised,2,strong,2,Dogs are sitting by the door,2,3,Actor_03,male,1
B:\Experiments\Project Peter\Data\Raw\Actor_04\03-01-01-01-01-01-04.wav,03-01-01-01-01-01-04.wav,374522,03,01,1,neutral,1,normal,1,Kids are talking by the door,1,4,Actor_04,female,4
B:\Experiments\Project Peter\Data\Raw\Actor_04\03-01-01-01-01-02-04.wav,03-01-01-01-01-02-04.wav,380930,03,01,1,neutral,1,normal,1,Kids are talking by the door,2,4,Actor_04,female,4
B:\Experiments\Project Peter\Data\Raw\Actor_04\03-01-01-01-02-01-04.wav,03-01-01-01-02-01-04.wav,371330,03,01,1,neutral,1,normal,2,Dogs are sitting by the door,1,4,Actor_04,female,4
B:\Experiments\Project Peter\Data\Raw\Actor_04\03-01-01-01-02-02-04.wav,03-01-01-01-02-02-04.wav,368126,03,01,1,neutral,1,normal,2,Dogs are sitting by the door,2,4,Actor_04,female,4
B:\Experiments\Project Peter\Data\Raw\Actor_04\03-01-02-01-01-01-04.wav,03-01-02-01-01-01-04.wav,422580,03,01,2,calm,1,normal,1,Kids are talking by the door,1,4,Actor_04,female,4
B:\Experiments\Project Peter\Data\Raw\Actor_04\03-01-02-01-01-02-04.wav,03-01-02-01-01-02-04.wav,416178,03,01,2,calm,1,normal,1,Kids are talking by the door,2,4,Actor_04,female,4
B:\Experiments\Project Peter\Data\Raw\Actor_04\03-01-02-02-01-01-04.wav,03-01-02-02-01-01-04.wav,438600,03,01,2,calm,2,strong,1,Kids are talking by the door,1,4,Actor_04,female,4
B:\Experiments\Project Peter\Data\Raw\Actor_04\03-01-02-02-01-02-04.wav,03-01-02-02-01-02-04.wav,421442,03,01,2,calm,2,strong,1,Kids are talking by the door,2,4,Actor_04,female,4
B:\Experiments\Project Peter\Data\Raw\Actor_04\03-01-02-01-02-01-04.wav,03-01-02-01-02-01-04.wav,406570,03,01,2,calm,1,normal,2,Dogs are sitting by the door,1,4,Actor_04,female,4
B:\Experiments\Project Peter\Data\Raw\Actor_04\03-01-02-01-02-02-04.wav,03-01-02-01-02-02-04.wav,400164,03,01,2,calm,1,normal,2,Dogs are sitting by the door,2,4,Actor_04,female,4
B:\Experiments\Project Peter\Data\Raw\Actor_04\03-01-02-02-02-01-04.wav,03-01-02-02-02-01-04.wav,422584,03,01,2,calm,2,strong,2,Dogs are sitting by the door,1,4,Actor_04,female,4
B:\Experiments\Project Peter\Data\Raw\Actor_04\03-01-02-02-02-02-04.wav,03-01-02-02-02-02-04.wav,445008,03,01,2,calm,2,strong,2,Dogs are sitting by the door,2,4,Actor_04,female,4
B:\Experiments\Project Peter\Data\Raw\Actor_04\03-01-03-01-01-01-04.wav,03-01-03-01-01-01-04.wav,393756,03,01,3,happy,1,normal,1,Kids are talking by the door,1,4,Actor_04,female,4
B:\Experiments\Project Peter\Data\Raw\Actor_04\03-01-03-01-01-02-04.wav,03-01-03-01-01-02-04.wav,396958,03,01,3,happy,1,normal,1,Kids are talking by the door,2,4,Actor_04,female,4
B:\Experiments\Project Peter\Data\Raw\Actor_04\03-01-03-02-01-01-04.wav,03-01-03-02-01-01-04.wav,428992,03,01,3,happy,2,strong,1,Kids are talking by the door,1,4,Actor_04,female,4
B:\Experiments\Project Peter\Data\Raw\Actor_04\03-01-03-02-01-02-04.wav,03-01-03-02-01-02-04.wav,400160,03,01,3,happy,2,strong,1,Kids are talking by the door,2,4,Actor_04,female,4
B:\Experiments\Project Peter\Data\Raw\Actor_04\03-01-03-01-02-01-04.wav,03-01-03-01-02-01-04.wav,393756,03,01,3,happy,1,normal,2,Dogs are sitting by the door,1,4,Actor_04,female,4
B:\Experiments\Project Peter\Data\Raw\Actor_04\03-01-03-01-02-02-04.wav,03-01-03-01-02-02-04.wav,387350,03,01,3,happy,1,normal,2,Dogs are sitting by the door,2,4,Actor_04,female,4
B:\Experiments\Project Peter\Data\Raw\Actor_04\03-01-03-02-02-01-04.wav,03-01-03-02-02-01-04.wav,403366,03,01,3,happy,2,strong,2,Dogs are sitting by the door,1,4,Actor_04,female,4
B:\Experiments\Project Peter\Data\Raw\Actor_04\03-01-03-02-02-02-04.wav,03-01-03-02-02-02-04.wav,419258,03,01,3,happy,2,strong,2,Dogs are sitting by the door,2,4,Actor_04,female,4
B:\Experiments\Project Peter\Data\Raw\Actor_04\03-01-04-01-01-01-04.wav,03-01-04-01-01-01-04.wav,380950,03,01,4,sad,1,normal,1,Kids are talking by the door,1,4,Actor_04,female,4
B:\Experiments\Project Peter\Data\Raw\Actor_04\03-01-04-01-01-02-04.wav,03-01-04-01-01-02-04.wav,384152,03,01,4,sad,1,normal,1,Kids are talking by the door,2,4,Actor_04,female,4
B:\Experiments\Project Peter\Data\Raw\Actor_04\03-01-04-02-01-01-04.wav,03-01-04-02-01-01-04.wav,409778,03,01,4,sad,2,strong,1,Kids are talking by the door,1,4,Actor_04,female,4
B:\Experiments\Project Peter\Data\Raw\Actor_04\03-01-04-02-01-02-04.wav,03-01-04-02-01-02-04.wav,419394,03,01,4,sad,2,strong,1,Kids are talking by the door,2,4,Actor_04,female,4
B:\Experiments\Project Peter\Data\Raw\Actor_04\03-01-04-01-02-01-04.wav,03-01-04-01-02-01-04.wav,387356,03,01,4,sad,1,normal,2,Dogs are sitting by the door,1,4,Actor_04,female,4
B:\Experiments\Project Peter\Data\Raw\Actor_04\03-01-04-01-02-02-04.wav,03-01-04-01-02-02-04.wav,390558,03,01,4,sad,1,normal,2,Dogs are sitting by the door,2,4,Actor_04,female,4
B:\Experiments\Project Peter\Data\Raw\Actor_04\03-01-04-02-02-01-04.wav,03-01-04-02-02-01-04.wav,419394,03,01,4,sad,2,strong,2,Dogs are sitting by the door,1,4,Actor_04,female,4
B:\Experiments\Project Peter\Data\Raw\Actor_04\03-01-04-02-02-02-04.wav,03-01-04-02-02-02-04.wav,419384,03,01,4,sad,2,strong,2,Dogs are sitting by the door,2,4,Actor_04,female,4
B:\Experiments\Project Peter\Data\Raw\Actor_04\03-01-05-01-01-01-04.wav,03-01-05-01-01-01-04.wav,412988,03,01,5,angry,1,normal,1,Kids are talking by the door,1,4,Actor_04,female,4
B:\Experiments\Project Peter\Data\Raw\Actor_04\03-01-05-01-01-02-04.wav,03-01-05-01-01-02-04.wav,403378,03,01,5,angry,1,normal,1,Kids are talking by the door,2,4,Actor_04,female,4
B:\Experiments\Project Peter\Data\Raw\Actor_04\03-01-05-02-01-01-04.wav,03-01-05-02-01-01-04.wav,419394,03,01,5,angry,2,strong,1,Kids are talking by the door,1,4,Actor_04,female,4
B:\Experiments\Project Peter\Data\Raw\Actor_04\03-01-05-02-01-02-04.wav,03-01-05-02-01-02-04.wav,429002,03,01,5,angry,2,strong,1,Kids are talking by the door,2,4,Actor_04,female,4
B:\Experiments\Project Peter\Data\Raw\Actor_04\03-01-05-01-02-01-04.wav,03-01-05-01-02-01-04.wav,390564,03,01,5,angry,1,normal,2,Dogs are sitting by the door,1,4,Actor_04,female,4
B:\Experiments\Project Peter\Data\Raw\Actor_04\03-01-05-01-02-02-04.wav,03-01-05-01-02-02-04.wav,416186,03,01,5,angry,1,normal,2,Dogs are sitting by the door,2,4,Actor_04,female,4
B:\Experiments\Project Peter\Data\Raw\Actor_04\03-01-05-02-02-01-04.wav,03-01-05-02-02-01-04.wav,412982,03,01,5,angry,2,strong,2,Dogs are sitting by the door,1,4,Actor_04,female,4
B:\Experiments\Project Peter\Data\Raw\Actor_04\03-01-05-02-02-02-04.wav,03-01-05-02-02-02-04.wav,425800,03,01,5,angry,2,strong,2,Dogs are sitting by the door,2,4,Actor_04,female,4
B:\Experiments\Project Peter\Data\Raw\Actor_04\03-01-06-01-01-01-04.wav,03-01-06-01-01-01-04.wav,377282,03,01,6,fearful,1,normal,1,Kids are talking by the door,1,4,Actor_04,female,4
B:\Experiments\Project Peter\Data\Raw\Actor_04\03-01-06-01-01-02-04.wav,03-01-06-01-01-02-04.wav,368136,03,01,6,fearful,1,normal,1,Kids are talking by the door,2,4,Actor_04,female,4
B:\Experiments\Project Peter\Data\Raw\Actor_04\03-01-06-02-01-01-04.wav,03-01-06-02-01-01-04.wav,435406,03,01,6,fearful,2,strong,1,Kids are talking by the door,1,4,Actor_04,female,4
B:\Experiments\Project Peter\Data\Raw\Actor_04\03-01-06-02-01-02-04.wav,03-01-06-02-01-02-04.wav,384154,03,01,6,fearful,2,strong,1,Kids are talking by the door,2,4,Actor_04,female,4
B:\Experiments\Project Peter\Data\Raw\Actor_04\03-01-06-01-02-01-04.wav,03-01-06-01-02-01-04.wav,390564,03,01,6,fearful,1,normal,2,Dogs are sitting by the door,1,4,Actor_04,female,4
B:\Experiments\Project Peter\Data\Raw\Actor_04\03-01-06-01-02-02-04.wav,03-01-06-01-02-02-04.wav,390564,03,01,6,fearful,1,normal,2,Dogs are sitting by the door,2,4,Actor_04,female,4
B:\Experiments\Project Peter\Data\Raw\Actor_04\03-01-06-02-02-01-04.wav,03-01-06-02-02-01-04.wav,403374,03,01,6,fearful,2,strong,2,Dogs are sitting by the door,1,4,Actor_04,female,4
B:\Experiments\Project Peter\Data\Raw\Actor_04\03-01-06-02-02-02-04.wav,03-01-06-02-02-02-04.wav,400170,03,01,6,fearful,2,strong,2,Dogs are sitting by the door,2,4,Actor_04,female,4
B:\Experiments\Project Peter\Data\Raw\Actor_04\03-01-07-01-01-01-04.wav,03-01-07-01-01-01-04.wav,432204,03,01,7,disgust,1,normal,1,Kids are talking by the door,1,4,Actor_04,female,4
B:\Experiments\Project Peter\Data\Raw\Actor_04\03-01-07-01-01-02-04.wav,03-01-07-01-01-02-04.wav,432200,03,01,7,disgust,1,normal,1,Kids are talking by the door,2,4,Actor_04,female,4
B:\Experiments\Project Peter\Data\Raw\Actor_04\03-01-07-02-01-01-04.wav,03-01-07-02-01-01-04.wav,441810,03,01,7,disgust,2,strong,1,Kids are talking by the door,1,4,Actor_04,female,4
B:\Experiments\Project Peter\Data\Raw\Actor_04\03-01-07-02-01-02-04.wav,03-01-07-02-01-02-04.wav,443882,03,01,7,disgust,2,strong,1,Kids are talking by the door,2,4,Actor_04,female,4
B:\Experiments\Project Peter\Data\Raw\Actor_04\03-01-07-01-02-01-04.wav,03-01-07-01-02-01-04.wav,419388,03,01,7,disgust,1,normal,2,Dogs are sitting by the door,1,4,Actor_04,female,4
B:\Experiments\Project Peter\Data\Raw\Actor_04\03-01-07-01-02-02-04.wav,03-01-07-01-02-02-04.wav,422592,03,01,7,disgust,1,normal,2,Dogs are sitting by the door,2,4,Actor_04,female,4
B:\Experiments\Project Peter\Data\Raw\Actor_04\03-01-07-02-02-01-04.wav,03-01-07-02-02-01-04.wav,429002,03,01,7,disgust,2,strong,2,Dogs are sitting by the door,1,4,Actor_04,female,4
B:\Experiments\Project Peter\Data\Raw\Actor_04\03-01-07-02-02-02-04.wav,03-01-07-02-02-02-04.wav,435408,03,01,7,disgust,2,strong,2,Dogs are sitting by the door,2,4,Actor_04,female,4
B:\Experiments\Project Peter\Data\Raw\Actor_04\03-01-08-01-01-01-04.wav,03-01-08-01-01-01-04.wav,368124,03,01,8,surprised,1,normal,1,Kids are talking by the door,1,4,Actor_04,female,4
B:\Experiments\Project Peter\Data\Raw\Actor_04\03-01-08-01-01-02-04.wav,03-01-08-01-01-02-04.wav,377736,03,01,8,surprised,1,normal,1,Kids are talking by the door,2,4,Actor_04,female,4
B:\Experiments\Project Peter\Data\Raw\Actor_04\03-01-08-02-01-01-04.wav,03-01-08-02-01-01-04.wav,409778,03,01,8,surprised,2,strong,1,Kids are talking by the door,1,4,Actor_04,female,4
B:\Experiments\Project Peter\Data\Raw\Actor_04\03-01-08-02-01-02-04.wav,03-01-08-02-01-02-04.wav,400168,03,01,8,surprised,2,strong,1,Kids are talking by the door,2,4,Actor_04,female,4
B:\Experiments\Project Peter\Data\Raw\Actor_04\03-01-08-01-02-01-04.wav,03-01-08-01-02-01-04.wav,406564,03,01,8,surprised,1,normal,2,Dogs are sitting by the door,1,4,Actor_04,female,4
B:\Experiments\Project Peter\Data\Raw\Actor_04\03-01-08-01-02-02-04.wav,03-01-08-01-02-02-04.wav,387342,03,01,8,surprised,1,normal,2,Dogs are sitting by the door,2,4,Actor_04,female,4
B:\Experiments\Project Peter\Data\Raw\Actor_04\03-01-08-02-02-01-04.wav,03-01-08-02-02-01-04.wav,390546,03,01,8,surprised,2,strong,2,Dogs are sitting by the door,1,4,Actor_04,female,4
B:\Experiments\Project Peter\Data\Raw\Actor_04\03-01-08-02-02-02-04.wav,03-01-08-02-02-02-04.wav,396964,03,01,8,surprised,2,strong,2,Dogs are sitting by the door,2,4,Actor_04,female,4
B:\Experiments\Project Peter\Data\Raw\Actor_05\03-01-01-01-01-01-05.wav,03-01-01-01-01-01-05.wav,395284,03,01,1,neutral,1,normal,1,Kids are talking by the door,1,5,Actor_05,male,0
B:\Experiments\Project Peter\Data\Raw\Actor_05\03-01-01-01-01-02-05.wav,03-01-01-01-01-02-05.wav,398494,03,01,1,neutral,1,normal,1,Kids are talking by the door,2,5,Actor_05,male,0
B:\Experiments\Project Peter\Data\Raw\Actor_05\03-01-01-01-02-01-05.wav,03-01-01-01-02-01-05.wav,347058,03,01,1,neutral,1,normal,2,Dogs are sitting by the door,1,5,Actor_05,male,0
B:\Experiments\Project Peter\Data\Raw\Actor_05\03-01-01-01-02-02-05.wav,03-01-01-01-02-02-05.wav,395284,03,01,1,neutral,1,normal,2,Dogs are sitting by the door,2,5,Actor_05,male,0
B:\Experiments\Project Peter\Data\Raw\Actor_05\03-01-02-01-01-01-05.wav,03-01-02-01-01-01-05.wav,436996,03,01,2,calm,1,normal,1,Kids are talking by the door,1,5,Actor_05,male,0
B:\Experiments\Project Peter\Data\Raw\Actor_05\03-01-02-01-01-02-05.wav,03-01-02-01-01-02-05.wav,443404,03,01,2,calm,1,normal,1,Kids are talking by the door,2,5,Actor_05,male,0
B:\Experiments\Project Peter\Data\Raw\Actor_05\03-01-02-02-01-01-05.wav,03-01-02-02-01-01-05.wav,504266,03,01,2,calm,2,strong,1,Kids are talking by the door,1,5,Actor_05,male,0
B:\Experiments\Project Peter\Data\Raw\Actor_05\03-01-02-02-01-02-05.wav,03-01-02-02-01-02-05.wav,481848,03,01,2,calm,2,strong,1,Kids are talking by the door,2,5,Actor_05,male,0
B:\Experiments\Project Peter\Data\Raw\Actor_05\03-01-02-01-02-01-05.wav,03-01-02-01-02-01-05.wav,446608,03,01,2,calm,1,normal,2,Dogs are sitting by the door,1,5,Actor_05,male,0
B:\Experiments\Project Peter\Data\Raw\Actor_05\03-01-02-01-02-02-05.wav,03-01-02-01-02-02-05.wav,863024,03,01,2,calm,1,normal,2,Dogs are sitting by the door,2,5,Actor_05,male,0
B:\Experiments\Project Peter\Data\Raw\Actor_05\03-01-02-02-02-01-05.wav,03-01-02-02-02-01-05.wav,508078,03,01,2,calm,2,strong,2,Dogs are sitting by the door,1,5,Actor_05,male,0
B:\Experiments\Project Peter\Data\Raw\Actor_05\03-01-02-02-02-02-05.wav,03-01-02-02-02-02-05.wav,462624,03,01,2,calm,2,strong,2,Dogs are sitting by the door,2,5,Actor_05,male,0
B:\Experiments\Project Peter\Data\Raw\Actor_05\03-01-03-01-01-01-05.wav,03-01-03-01-01-01-05.wav,433800,03,01,3,happy,1,normal,1,Kids are talking by the door,1,5,Actor_05,male,0
B:\Experiments\Project Peter\Data\Raw\Actor_05\03-01-03-01-01-02-05.wav,03-01-03-01-01-02-05.wav,360126,03,01,3,happy,1,normal,1,Kids are talking by the door,2,5,Actor_05,male,0
B:\Experiments\Project Peter\Data\Raw\Actor_05\03-01-03-02-01-01-05.wav,03-01-03-02-01-01-05.wav,446614,03,01,3,happy,2,strong,1,Kids are talking by the door,1,5,Actor_05,male,0
B:\Experiments\Project Peter\Data\Raw\Actor_05\03-01-03-02-01-02-05.wav,03-01-03-02-01-02-05.wav,420982,03,01,3,happy,2,strong,1,Kids are talking by the door,2,5,Actor_05,male,0
B:\Experiments\Project Peter\Data\Raw\Actor_05\03-01-03-01-02-01-05.wav,03-01-03-01-02-01-05.wav,372938,03,01,3,happy,1,normal,2,Dogs are sitting by the door,1,5,Actor_05,male,0
B:\Experiments\Project Peter\Data\Raw\Actor_05\03-01-03-01-02-02-05.wav,03-01-03-01-02-02-05.wav,411378,03,01,3,happy,1,normal,2,Dogs are sitting by the door,2,5,Actor_05,male,0
B:\Experiments\Project Peter\Data\Raw\Actor_05\03-01-03-02-02-01-05.wav,03-01-03-02-02-01-05.wav,395360,03,01,3,happy,2,strong,2,Dogs are sitting by the door,1,5,Actor_05,male,0
B:\Experiments\Project Peter\Data\Raw\Actor_05\03-01-03-02-02-02-05.wav,03-01-03-02-02-02-05.wav,376142,03,01,3,happy,2,strong,2,Dogs are sitting by the door,2,5,Actor_05,male,0
B:\Experiments\Project Peter\Data\Raw\Actor_05\03-01-04-01-01-01-05.wav,03-01-04-01-01-01-05.wav,363266,03,01,4,sad,1,normal,1,Kids are talking by the door,1,5,Actor_05,male,0
B:\Experiments\Project Peter\Data\Raw\Actor_05\03-01-04-01-01-02-05.wav,03-01-04-01-01-02-05.wav,398500,03,01,4,sad,1,normal,1,Kids are talking by the door,2,5,Actor_05,male,0
B:\Experiments\Project Peter\Data\Raw\Actor_05\03-01-04-02-01-01-05.wav,03-01-04-02-01-01-05.wav,388944,03,01,4,sad,2,strong,1,Kids are talking by the door,1,5,Actor_05,male,0
B:\Experiments\Project Peter\Data\Raw\Actor_05\03-01-04-02-01-02-05.wav,03-01-04-02-01-02-05.wav,363324,03,01,4,sad,2,strong,1,Kids are talking by the door,2,5,Actor_05,male,0
B:\Experiments\Project Peter\Data\Raw\Actor_05\03-01-04-01-02-01-05.wav,03-01-04-01-02-01-05.wav,347250,03,01,4,sad,1,normal,2,Dogs are sitting by the door,1,5,Actor_05,male,0
B:\Experiments\Project Peter\Data\Raw\Actor_05\03-01-04-01-02-02-05.wav,03-01-04-01-02-02-05.wav,404906,03,01,4,sad,1,normal,2,Dogs are sitting by the door,2,5,Actor_05,male,0
B:\Experiments\Project Peter\Data\Raw\Actor_05\03-01-04-02-02-01-05.wav,03-01-04-02-02-01-05.wav,365404,03,01,4,sad,2,strong,2,Dogs are sitting by the door,1,5,Actor_05,male,0
B:\Experiments\Project Peter\Data\Raw\Actor_05\03-01-04-02-02-02-05.wav,03-01-04-02-02-02-05.wav,350502,03,01,4,sad,2,strong,2,Dogs are sitting by the door,2,5,Actor_05,male,0
B:\Experiments\Project Peter\Data\Raw\Actor_05\03-01-05-01-01-01-05.wav,03-01-05-01-01-01-05.wav,420982,03,01,5,angry,1,normal,1,Kids are talking by the door,1,5,Actor_05,male,0
B:\Experiments\Project Peter\Data\Raw\Actor_05\03-01-05-01-01-02-05.wav,03-01-05-01-01-02-05.wav,414574,03,01,5,angry,1,normal,1,Kids are talking by the door,2,5,Actor_05,male,0
B:\Experiments\Project Peter\Data\Raw\Actor_05\03-01-05-02-01-01-05.wav,03-01-05-02-01-01-05.wav,376138,03,01,5,angry,2,strong,1,Kids are talking by the door,1,5,Actor_05,male,0
B:\Experiments\Project Peter\Data\Raw\Actor_05\03-01-05-02-01-02-05.wav,03-01-05-02-01-02-05.wav,392154,03,01,5,angry,2,strong,1,Kids are talking by the door,2,5,Actor_05,male,0
B:\Experiments\Project Peter\Data\Raw\Actor_05\03-01-05-01-02-01-05.wav,03-01-05-01-02-01-05.wav,440200,03,01,5,angry,1,normal,2,Dogs are sitting by the door,1,5,Actor_05,male,0
B:\Experiments\Project Peter\Data\Raw\Actor_05\03-01-05-01-02-02-05.wav,03-01-05-01-02-02-05.wav,472226,03,01,5,angry,1,normal,2,Dogs are sitting by the door,2,5,Actor_05,male,0
B:\Experiments\Project Peter\Data\Raw\Actor_05\03-01-05-02-02-01-05.wav,03-01-05-02-02-01-05.wav,398558,03,01,5,angry,2,strong,2,Dogs are sitting by the door,1,5,Actor_05,male,0
B:\Experiments\Project Peter\Data\Raw\Actor_05\03-01-05-02-02-02-05.wav,03-01-05-02-02-02-05.wav,398560,03,01,5,angry,2,strong,2,Dogs are sitting by the door,2,5,Actor_05,male,0
B:\Experiments\Project Peter\Data\Raw\Actor_05\03-01-06-01-01-01-05.wav,03-01-06-01-01-01-05.wav,350516,03,01,6,fearful,1,normal,1,Kids are talking by the door,1,5,Actor_05,male,0
B:\Experiments\Project Peter\Data\Raw\Actor_05\03-01-06-01-01-02-05.wav,03-01-06-01-01-02-05.wav,372936,03,01,6,fearful,1,normal,1,Kids are talking by the door,2,5,Actor_05,male,0
B:\Experiments\Project Peter\Data\Raw\Actor_05\03-01-06-02-01-01-05.wav,03-01-06-02-01-01-05.wav,360124,03,01,6,fearful,2,strong,1,Kids are talking by the door,1,5,Actor_05,male,0
B:\Experiments\Project Peter\Data\Raw\Actor_05\03-01-06-02-01-02-05.wav,03-01-06-02-01-02-05.wav,392156,03,01,6,fearful,2,strong,1,Kids are talking by the door,2,5,Actor_05,male,0
B:\Experiments\Project Peter\Data\Raw\Actor_05\03-01-06-01-02-01-05.wav,03-01-06-01-02-01-05.wav,350514,03,01,6,fearful,1,normal,2,Dogs are sitting by the door,1,5,Actor_05,male,0
B:\Experiments\Project Peter\Data\Raw\Actor_05\03-01-06-01-02-02-05.wav,03-01-06-01-02-02-05.wav,344108,03,01,6,fearful,1,normal,2,Dogs are sitting by the door,2,5,Actor_05,male,0
B:\Experiments\Project Peter\Data\Raw\Actor_05\03-01-06-02-02-01-05.wav,03-01-06-02-02-01-05.wav,360124,03,01,6,fearful,2,strong,2,Dogs are sitting by the door,1,5,Actor_05,male,0
B:\Experiments\Project Peter\Data\Raw\Actor_05\03-01-06-02-02-02-05.wav,03-01-06-02-02-02-05.wav,347312,03,01,6,fearful,2,strong,2,Dogs are sitting by the door,2,5,Actor_05,male,0
B:\Experiments\Project Peter\Data\Raw\Actor_05\03-01-07-01-01-01-05.wav,03-01-07-01-01-01-05.wav,465828,03,01,7,disgust,1,normal,1,Kids are talking by the door,1,5,Actor_05,male,0
B:\Experiments\Project Peter\Data\Raw\Actor_05\03-01-07-01-01-02-05.wav,03-01-07-01-01-02-05.wav,443408,03,01,7,disgust,1,normal,1,Kids are talking by the door,2,5,Actor_05,male,0
B:\Experiments\Project Peter\Data\Raw\Actor_05\03-01-07-02-01-01-05.wav,03-01-07-02-01-01-05.wav,465822,03,01,7,disgust,2,strong,1,Kids are talking by the door,1,5,Actor_05,male,0
B:\Experiments\Project Peter\Data\Raw\Actor_05\03-01-07-02-01-02-05.wav,03-01-07-02-01-02-05.wav,424184,03,01,7,disgust,2,strong,1,Kids are talking by the door,2,5,Actor_05,male,0
B:\Experiments\Project Peter\Data\Raw\Actor_05\03-01-07-01-02-01-05.wav,03-01-07-01-02-01-05.wav,424188,03,01,7,disgust,1,normal,2,Dogs are sitting by the door,1,5,Actor_05,male,0
B:\Experiments\Project Peter\Data\Raw\Actor_05\03-01-07-01-02-02-05.wav,03-01-07-01-02-02-05.wav,408172,03,01,7,disgust,1,normal,2,Dogs are sitting by the door,2,5,Actor_05,male,0
B:\Experiments\Project Peter\Data\Raw\Actor_05\03-01-07-02-02-01-05.wav,03-01-07-02-02-01-05.wav,459420,03,01,7,disgust,2,strong,2,Dogs are sitting by the door,1,5,Actor_05,male,0
B:\Experiments\Project Peter\Data\Raw\Actor_05\03-01-07-02-02-02-05.wav,03-01-07-02-02-02-05.wav,485046,03,01,7,disgust,2,strong,2,Dogs are sitting by the door,2,5,Actor_05,male,0
B:\Experiments\Project Peter\Data\Raw\Actor_05\03-01-08-01-01-01-05.wav,03-01-08-01-01-01-05.wav,408174,03,01,8,surprised,1,normal,1,Kids are talking by the door,1,5,Actor_05,male,0
B:\Experiments\Project Peter\Data\Raw\Actor_05\03-01-08-01-01-02-05.wav,03-01-08-01-01-02-05.wav,401768,03,01,8,surprised,1,normal,1,Kids are talking by the door,2,5,Actor_05,male,0
B:\Experiments\Project Peter\Data\Raw\Actor_05\03-01-08-02-01-01-05.wav,03-01-08-02-01-01-05.wav,446614,03,01,8,surprised,2,strong,1,Kids are talking by the door,1,5,Actor_05,male,0
B:\Experiments\Project Peter\Data\Raw\Actor_05\03-01-08-02-01-02-05.wav,03-01-08-02-01-02-05.wav,443410,03,01,8,surprised,2,strong,1,Kids are talking by the door,2,5,Actor_05,male,0
B:\Experiments\Project Peter\Data\Raw\Actor_05\03-01-08-01-02-01-05.wav,03-01-08-01-02-01-05.wav,344110,03,01,8,surprised,1,normal,2,Dogs are sitting by the door,1,5,Actor_05,male,0
B:\Experiments\Project Peter\Data\Raw\Actor_05\03-01-08-01-02-02-05.wav,03-01-08-01-02-02-05.wav,404970,03,01,8,surprised,1,normal,2,Dogs are sitting by the door,2,5,Actor_05,male,0
B:\Experiments\Project Peter\Data\Raw\Actor_05\03-01-08-02-02-01-05.wav,03-01-08-02-02-01-05.wav,401768,03,01,8,surprised,2,strong,2,Dogs are sitting by the door,1,5,Actor_05,male,0
B:\Experiments\Project Peter\Data\Raw\Actor_05\03-01-08-02-02-02-05.wav,03-01-08-02-02-02-05.wav,388956,03,01,8,surprised,2,strong,2,Dogs are sitting by the door,2,5,Actor_05,male,0
B:\Experiments\Project Peter\Data\Raw\Actor_06\03-01-01-01-01-01-06.wav,03-01-01-01-01-01-06.wav,367496,03,01,1,neutral,1,normal,1,Kids are talking by the door,1,6,Actor_06,female,2
B:\Experiments\Project Peter\Data\Raw\Actor_06\03-01-01-01-01-02-06.wav,03-01-01-01-01-02-06.wav,393298,03,01,1,neutral,1,normal,1,Kids are talking by the door,2,6,Actor_06,female,2
B:\Experiments\Project Peter\Data\Raw\Actor_06\03-01-01-01-02-01-06.wav,03-01-01-01-02-01-06.wav,374078,03,01,1,neutral,1,normal,2,Dogs are sitting by the door,1,6,Actor_06,female,2
B:\Experiments\Project Peter\Data\Raw\Actor_06\03-01-01-01-02-02-06.wav,03-01-01-01-02-02-06.wav,377292,03,01,1,neutral,1,normal,2,Dogs are sitting by the door,2,6,Actor_06,female,2
B:\Experiments\Project Peter\Data\Raw\Actor_06\03-01-02-01-01-01-06.wav,03-01-02-01-01-01-06.wav,434952,03,01,2,calm,1,normal,1,Kids are talking by the door,1,6,Actor_06,female,2
B:\Experiments\Project Peter\Data\Raw\Actor_06\03-01-02-01-01-02-06.wav,03-01-02-01-01-02-06.wav,441366,03,01,2,calm,1,normal,1,Kids are talking by the door,2,6,Actor_06,female,2
B:\Experiments\Project Peter\Data\Raw\Actor_06\03-01-02-02-01-01-06.wav,03-01-02-02-01-01-06.wav,479780,03,01,2,calm,2,strong,1,Kids are talking by the door,1,6,Actor_06,female,2
B:\Experiments\Project Peter\Data\Raw\Actor_06\03-01-02-02-01-02-06.wav,03-01-02-02-01-02-06.wav,492668,03,01,2,calm,2,strong,1,Kids are talking by the door,2,6,Actor_06,female,2
B:\Experiments\Project Peter\Data\Raw\Actor_06\03-01-02-01-02-01-06.wav,03-01-02-01-02-01-06.wav,428550,03,01,2,calm,1,normal,2,Dogs are sitting by the door,1,6,Actor_06,female,2
B:\Experiments\Project Peter\Data\Raw\Actor_06\03-01-02-01-02-02-06.wav,03-01-02-01-02-02-06.wav,451584,03,01,2,calm,1,normal,2,Dogs are sitting by the door,2,6,Actor_06,female,2
B:\Experiments\Project Peter\Data\Raw\Actor_06\03-01-02-02-02-01-06.wav,03-01-02-02-02-01-06.wav,463840,03,01,2,calm,2,strong,2,Dogs are sitting by the door,1,6,Actor_06,female,2
B:\Experiments\Project Peter\Data\Raw\Actor_06\03-01-02-02-02-02-06.wav,03-01-02-02-02-02-06.wav,505482,03,01,2,calm,2,strong,2,Dogs are sitting by the door,2,6,Actor_06,female,2
B:\Experiments\Project Peter\Data\Raw\Actor_06\03-01-03-01-01-01-06.wav,03-01-03-01-01-01-06.wav,386956,03,01,3,happy,1,normal,1,Kids are talking by the door,1,6,Actor_06,female,2
B:\Experiments\Project Peter\Data\Raw\Actor_06\03-01-03-01-01-02-06.wav,03-01-03-01-01-02-06.wav,393364,03,01,3,happy,1,normal,1,Kids are talking by the door,2,6,Actor_06,female,2
B:\Experiments\Project Peter\Data\Raw\Actor_06\03-01-03-02-01-01-06.wav,03-01-03-02-01-01-06.wav,383760,03,01,3,happy,2,strong,1,Kids are talking by the door,1,6,Actor_06,female,2
B:\Experiments\Project Peter\Data\Raw\Actor_06\03-01-03-02-01-02-06.wav,03-01-03-02-01-02-06.wav,380556,03,01,3,happy,2,strong,1,Kids are talking by the door,2,6,Actor_06,female,2
B:\Experiments\Project Peter\Data\Raw\Actor_06\03-01-03-01-02-01-06.wav,03-01-03-01-02-01-06.wav,380552,03,01,3,happy,1,normal,2,Dogs are sitting by the door,1,6,Actor_06,female,2
B:\Experiments\Project Peter\Data\Raw\Actor_06\03-01-03-01-02-02-06.wav,03-01-03-01-02-02-06.wav,377350,03,01,3,happy,1,normal,2,Dogs are sitting by the door,2,6,Actor_06,female,2
B:\Experiments\Project Peter\Data\Raw\Actor_06\03-01-03-02-02-01-06.wav,03-01-03-02-02-01-06.wav,390166,03,01,3,happy,2,strong,2,Dogs are sitting by the door,1,6,Actor_06,female,2
B:\Experiments\Project Peter\Data\Raw\Actor_06\03-01-03-02-02-02-06.wav,03-01-03-02-02-02-06.wav,393368,03,01,3,happy,2,strong,2,Dogs are sitting by the door,2,6,Actor_06,female,2
B:\Experiments\Project Peter\Data\Raw\Actor_06\03-01-04-01-01-01-06.wav,03-01-04-01-01-01-06.wav,390104,03,01,4,sad,1,normal,1,Kids are talking by the door,1,6,Actor_06,female,2
B:\Experiments\Project Peter\Data\Raw\Actor_06\03-01-04-01-01-02-06.wav,03-01-04-01-01-02-06.wav,393288,03,01,4,sad,1,normal,1,Kids are talking by the door,2,6,Actor_06,female,2
B:\Experiments\Project Peter\Data\Raw\Actor_06\03-01-04-02-01-01-06.wav,03-01-04-02-01-01-06.wav,450962,03,01,4,sad,2,strong,1,Kids are talking by the door,1,6,Actor_06,female,2
B:\Experiments\Project Peter\Data\Raw\Actor_06\03-01-04-02-01-02-06.wav,03-01-04-02-01-02-06.wav,441354,03,01,4,sad,2,strong,1,Kids are talking by the door,2,6,Actor_06,female,2
B:\Experiments\Project Peter\Data\Raw\Actor_06\03-01-04-01-02-01-06.wav,03-01-04-01-02-01-06.wav,380496,03,01,4,sad,1,normal,2,Dogs are sitting by the door,1,6,Actor_06,female,2
B:\Experiments\Project Peter\Data\Raw\Actor_06\03-01-04-01-02-02-06.wav,03-01-04-01-02-02-06.wav,377292,03,01,4,sad,1,normal,2,Dogs are sitting by the door,2,6,Actor_06,female,2
B:\Experiments\Project Peter\Data\Raw\Actor_06\03-01-04-02-02-01-06.wav,03-01-04-02-02-01-06.wav,489400,03,01,4,sad,2,strong,2,Dogs are sitting by the door,1,6,Actor_06,female,2
B:\Experiments\Project Peter\Data\Raw\Actor_06\03-01-04-02-02-02-06.wav,03-01-04-02-02-02-06.wav,434946,03,01,4,sad,2,strong,2,Dogs are sitting by the door,2,6,Actor_06,female,2
B:\Experiments\Project Peter\Data\Raw\Actor_06\03-01-05-01-01-01-06.wav,03-01-05-01-01-01-06.wav,409322,03,01,5,angry,1,normal,1,Kids are talking by the door,1,6,Actor_06,female,2
B:\Experiments\Project Peter\Data\Raw\Actor_06\03-01-05-01-01-02-06.wav,03-01-05-01-01-02-06.wav,428540,03,01,5,angry,1,normal,1,Kids are talking by the door,2,6,Actor_06,female,2
B:\Experiments\Project Peter\Data\Raw\Actor_06\03-01-05-02-01-01-06.wav,03-01-05-02-01-01-06.wav,441364,03,01,5,angry,2,strong,1,Kids are talking by the door,1,6,Actor_06,female,2
B:\Experiments\Project Peter\Data\Raw\Actor_06\03-01-05-02-01-02-06.wav,03-01-05-02-01-02-06.wav,450972,03,01,5,angry,2,strong,1,Kids are talking by the door,2,6,Actor_06,female,2
B:\Experiments\Project Peter\Data\Raw\Actor_06\03-01-05-01-02-01-06.wav,03-01-05-01-02-01-06.wav,450972,03,01,5,angry,1,normal,2,Dogs are sitting by the door,1,6,Actor_06,female,2
B:\Experiments\Project Peter\Data\Raw\Actor_06\03-01-05-01-02-02-06.wav,03-01-05-01-02-02-06.wav,422144,03,01,5,angry,1,normal,2,Dogs are sitting by the door,2,6,Actor_06,female,2
B:\Experiments\Project Peter\Data\Raw\Actor_06\03-01-05-02-02-01-06.wav,03-01-05-02-02-01-06.wav,473396,03,01,5,angry,2,strong,2,Dogs are sitting by the door,1,6,Actor_06,female,2
B:\Experiments\Project Peter\Data\Raw\Actor_06\03-01-05-02-02-02-06.wav,03-01-05-02-02-02-06.wav,476598,03,01,5,angry,2,strong,2,Dogs are sitting by the door,2,6,Actor_06,female,2
B:\Experiments\Project Peter\Data\Raw\Actor_06\03-01-06-01-01-01-06.wav,03-01-06-01-01-01-06.wav,396518,03,01,6,fearful,1,normal,1,Kids are talking by the door,1,6,Actor_06,female,2
B:\Experiments\Project Peter\Data\Raw\Actor_06\03-01-06-01-01-02-06.wav,03-01-06-01-01-02-06.wav,379318,03,01,6,fearful,1,normal,1,Kids are talking by the door,2,6,Actor_06,female,2
B:\Experiments\Project Peter\Data\Raw\Actor_06\03-01-06-02-01-01-06.wav,03-01-06-02-01-01-06.wav,396518,03,01,6,fearful,2,strong,1,Kids are talking by the door,1,6,Actor_06,female,2
B:\Experiments\Project Peter\Data\Raw\Actor_06\03-01-06-02-01-02-06.wav,03-01-06-02-01-02-06.wav,393314,03,01,6,fearful,2,strong,1,Kids are talking by the door,2,6,Actor_06,female,2
B:\Experiments\Project Peter\Data\Raw\Actor_06\03-01-06-01-02-01-06.wav,03-01-06-01-02-01-06.wav,390116,03,01,6,fearful,1,normal,2,Dogs are sitting by the door,1,6,Actor_06,female,2
B:\Experiments\Project Peter\Data\Raw\Actor_06\03-01-06-01-02-02-06.wav,03-01-06-01-02-02-06.wav,383708,03,01,6,fearful,1,normal,2,Dogs are sitting by the door,2,6,Actor_06,female,2
B:\Experiments\Project Peter\Data\Raw\Actor_06\03-01-06-02-02-01-06.wav,03-01-06-02-02-01-06.wav,406126,03,01,6,fearful,2,strong,2,Dogs are sitting by the door,1,6,Actor_06,female,2
B:\Experiments\Project Peter\Data\Raw\Actor_06\03-01-06-02-02-02-06.wav,03-01-06-02-02-02-06.wav,406126,03,01,6,fearful,2,strong,2,Dogs are sitting by the door,2,6,Actor_06,female,2
B:\Experiments\Project Peter\Data\Raw\Actor_06\03-01-07-01-01-01-06.wav,03-01-07-01-01-01-06.wav,383702,03,01,7,disgust,1,normal,1,Kids are talking by the door,1,6,Actor_06,female,2
B:\Experiments\Project Peter\Data\Raw\Actor_06\03-01-07-01-01-02-06.wav,03-01-07-01-01-02-06.wav,457378,03,01,7,disgust,1,normal,1,Kids are talking by the door,2,6,Actor_06,female,2
B:\Experiments\Project Peter\Data\Raw\Actor_06\03-01-07-02-01-01-06.wav,03-01-07-02-01-01-06.wav,460582,03,01,7,disgust,2,strong,1,Kids are talking by the door,1,6,Actor_06,female,2
B:\Experiments\Project Peter\Data\Raw\Actor_06\03-01-07-02-01-02-06.wav,03-01-07-02-01-02-06.wav,425350,03,01,7,disgust,2,strong,1,Kids are talking by the door,2,6,Actor_06,female,2
B:\Experiments\Project Peter\Data\Raw\Actor_06\03-01-07-01-02-01-06.wav,03-01-07-01-02-01-06.wav,406126,03,01,7,disgust,1,normal,2,Dogs are sitting by the door,1,6,Actor_06,female,2
B:\Experiments\Project Peter\Data\Raw\Actor_06\03-01-07-01-02-02-06.wav,03-01-07-01-02-02-06.wav,425346,03,01,7,disgust,1,normal,2,Dogs are sitting by the door,2,6,Actor_06,female,2
B:\Experiments\Project Peter\Data\Raw\Actor_06\03-01-07-02-02-01-06.wav,03-01-07-02-02-01-06.wav,433772,03,01,7,disgust,2,strong,2,Dogs are sitting by the door,1,6,Actor_06,female,2
B:\Experiments\Project Peter\Data\Raw\Actor_06\03-01-07-02-02-02-06.wav,03-01-07-02-02-02-06.wav,428548,03,01,7,disgust,2,strong,2,Dogs are sitting by the door,2,6,Actor_06,female,2
B:\Experiments\Project Peter\Data\Raw\Actor_06\03-01-08-01-01-01-06.wav,03-01-08-01-01-01-06.wav,358134,03,01,8,surprised,1,normal,1,Kids are talking by the door,1,6,Actor_06,female,2
B:\Experiments\Project Peter\Data\Raw\Actor_06\03-01-08-01-01-02-06.wav,03-01-08-01-01-02-06.wav,358134,03,01,8,surprised,1,normal,1,Kids are talking by the door,2,6,Actor_06,female,2
B:\Experiments\Project Peter\Data\Raw\Actor_06\03-01-08-02-01-01-06.wav,03-01-08-02-01-01-06.wav,358134,03,01,8,surprised,2,strong,1,Kids are talking by the door,1,6,Actor_06,female,2
B:\Experiments\Project Peter\Data\Raw\Actor_06\03-01-08-02-01-02-06.wav,03-01-08-02-01-02-06.wav,370948,03,01,8,surprised,2,strong,1,Kids are talking by the door,2,6,Actor_06,female,2
B:\Experiments\Project Peter\Data\Raw\Actor_06\03-01-08-01-02-01-06.wav,03-01-08-01-02-01-06.wav,354932,03,01,8,surprised,1,normal,2,Dogs are sitting by the door,1,6,Actor_06,female,2
B:\Experiments\Project Peter\Data\Raw\Actor_06\03-01-08-01-02-02-06.wav,03-01-08-01-02-02-06.wav,348524,03,01,8,surprised,1,normal,2,Dogs are sitting by the door,2,6,Actor_06,female,2
B:\Experiments\Project Peter\Data\Raw\Actor_06\03-01-08-02-02-01-06.wav,03-01-08-02-02-01-06.wav,364540,03,01,8,surprised,2,strong,2,Dogs are sitting by the door,1,6,Actor_06,female,2
B:\Experiments\Project Peter\Data\Raw\Actor_06\03-01-08-02-02-02-06.wav,03-01-08-02-02-02-06.wav,354248,03,01,8,surprised,2,strong,2,Dogs are sitting by the door,2,6,Actor_06,female,2
B:\Experiments\Project Peter\Data\Raw\Actor_07\03-01-01-01-01-01-07.wav,03-01-01-01-01-01-07.wav,424126,03,01,1,neutral,1,normal,1,Kids are talking by the door,1,7,Actor_07,male,0
B:\Experiments\Project Peter\Data\Raw\Actor_07\03-01-01-01-01-02-07.wav,03-01-01-01-01-02-07.wav,414516,03,01,1,neutral,1,normal,1,Kids are talking by the door,2,7,Actor_07,male,0
B:\Experiments\Project Peter\Data\Raw\Actor_07\03-01-01-01-02-01-07.wav,03-01-01-01-02-01-07.wav,446360,03,01,1,neutral,1,normal,2,Dogs are sitting by the door,1,7,Actor_07,male,0
B:\Experiments\Project Peter\Data\Raw\Actor_07\03-01-01-01-02-02-07.wav,03-01-01-01-02-02-07.wav,408108,03,01,1,neutral,1,normal,2,Dogs are sitting by the door,2,7,Actor_07,male,0
B:\Experiments\Project Peter\Data\Raw\Actor_07\03-01-02-01-01-01-07.wav,03-01-02-01-01-01-07.wav,381294,03,01,2,calm,1,normal,1,Kids are talking by the door,1,7,Actor_07,male,0
B:\Experiments\Project Peter\Data\Raw\Actor_07\03-01-02-01-01-02-07.wav,03-01-02-01-01-02-07.wav,408110,03,01,2,calm,1,normal,1,Kids are talking by the door,2,7,Actor_07,male,0
B:\Experiments\Project Peter\Data\Raw\Actor_07\03-01-02-02-01-01-07.wav,03-01-02-02-01-01-07.wav,433728,03,01,2,calm,2,strong,1,Kids are talking by the door,1,7,Actor_07,male,0
B:\Experiments\Project Peter\Data\Raw\Actor_07\03-01-02-02-01-02-07.wav,03-01-02-02-01-02-07.wav,421532,03,01,2,calm,2,strong,1,Kids are talking by the door,2,7,Actor_07,male,0
B:\Experiments\Project Peter\Data\Raw\Actor_07\03-01-02-01-02-01-07.wav,03-01-02-01-02-01-07.wav,385686,03,01,2,calm,1,normal,2,Dogs are sitting by the door,1,7,Actor_07,male,0
B:\Experiments\Project Peter\Data\Raw\Actor_07\03-01-02-01-02-02-07.wav,03-01-02-01-02-02-07.wav,388890,03,01,2,calm,1,normal,2,Dogs are sitting by the door,2,7,Actor_07,male,0
B:\Experiments\Project Peter\Data\Raw\Actor_07\03-01-02-02-02-01-07.wav,03-01-02-02-02-01-07.wav,459362,03,01,2,calm,2,strong,2,Dogs are sitting by the door,1,7,Actor_07,male,0
B:\Experiments\Project Peter\Data\Raw\Actor_07\03-01-02-02-02-02-07.wav,03-01-02-02-02-02-07.wav,443346,03,01,2,calm,2,strong,2,Dogs are sitting by the door,2,7,Actor_07,male,0
B:\Experiments\Project Peter\Data\Raw\Actor_07\03-01-03-01-01-01-07.wav,03-01-03-01-01-01-07.wav,385740,03,01,3,happy,1,normal,1,Kids are talking by the door,1,7,Actor_07,male,0
B:\Experiments\Project Peter\Data\Raw\Actor_07\03-01-03-01-01-02-07.wav,03-01-03-01-01-02-07.wav,382556,03,01,3,happy,1,normal,1,Kids are talking by the door,2,7,Actor_07,male,0
B:\Experiments\Project Peter\Data\Raw\Actor_07\03-01-03-02-01-01-07.wav,03-01-03-02-01-01-07.wav,443416,03,01,3,happy,2,strong,1,Kids are talking by the door,1,7,Actor_07,male,0
B:\Experiments\Project Peter\Data\Raw\Actor_07\03-01-03-02-01-02-07.wav,03-01-03-02-01-02-07.wav,437008,03,01,3,happy,2,strong,1,Kids are talking by the door,2,7,Actor_07,male,0
B:\Experiments\Project Peter\Data\Raw\Actor_07\03-01-03-01-02-01-07.wav,03-01-03-01-02-01-07.wav,376130,03,01,3,happy,1,normal,2,Dogs are sitting by the door,1,7,Actor_07,male,0
B:\Experiments\Project Peter\Data\Raw\Actor_07\03-01-03-01-02-02-07.wav,03-01-03-01-02-02-07.wav,376130,03,01,3,happy,1,normal,2,Dogs are sitting by the door,2,7,Actor_07,male,0
B:\Experiments\Project Peter\Data\Raw\Actor_07\03-01-03-02-02-01-07.wav,03-01-03-02-02-01-07.wav,435778,03,01,3,happy,2,strong,2,Dogs are sitting by the door,1,7,Actor_07,male,0
B:\Experiments\Project Peter\Data\Raw\Actor_07\03-01-03-02-02-02-07.wav,03-01-03-02-02-02-07.wav,417786,03,01,3,happy,2,strong,2,Dogs are sitting by the door,2,7,Actor_07,male,0
B:\Experiments\Project Peter\Data\Raw\Actor_07\03-01-04-01-01-01-07.wav,03-01-04-01-01-01-07.wav,388976,03,01,4,sad,1,normal,1,Kids are talking by the door,1,7,Actor_07,male,0
B:\Experiments\Project Peter\Data\Raw\Actor_07\03-01-04-01-01-02-07.wav,03-01-04-01-01-02-07.wav,395380,03,01,4,sad,1,normal,1,Kids are talking by the door,2,7,Actor_07,male,0
B:\Experiments\Project Peter\Data\Raw\Actor_07\03-01-04-02-01-01-07.wav,03-01-04-02-01-01-07.wav,427412,03,01,4,sad,2,strong,1,Kids are talking by the door,1,7,Actor_07,male,0
B:\Experiments\Project Peter\Data\Raw\Actor_07\03-01-04-02-01-02-07.wav,03-01-04-02-01-02-07.wav,417804,03,01,4,sad,2,strong,1,Kids are talking by the door,2,7,Actor_07,male,0
B:\Experiments\Project Peter\Data\Raw\Actor_07\03-01-04-01-02-01-07.wav,03-01-04-01-02-01-07.wav,388956,03,01,4,sad,1,normal,2,Dogs are sitting by the door,1,7,Actor_07,male,0
B:\Experiments\Project Peter\Data\Raw\Actor_07\03-01-04-01-02-02-07.wav,03-01-04-01-02-02-07.wav,421006,03,01,4,sad,1,normal,2,Dogs are sitting by the door,2,7,Actor_07,male,0
B:\Experiments\Project Peter\Data\Raw\Actor_07\03-01-04-02-02-01-07.wav,03-01-04-02-02-01-07.wav,398586,03,01,4,sad,2,strong,2,Dogs are sitting by the door,1,7,Actor_07,male,0
B:\Experiments\Project Peter\Data\Raw\Actor_07\03-01-04-02-02-02-07.wav,03-01-04-02-02-02-07.wav,417804,03,01,4,sad,2,strong,2,Dogs are sitting by the door,2,7,Actor_07,male,0
B:\Experiments\Project Peter\Data\Raw\Actor_07\03-01-05-01-01-01-07.wav,03-01-05-01-01-01-07.wav,433820,03,01,5,angry,1,normal,1,Kids are talking by the door,1,7,Actor_07,male,0
B:\Experiments\Project Peter\Data\Raw\Actor_07\03-01-05-01-01-02-07.wav,03-01-05-01-01-02-07.wav,430618,03,01,5,angry,1,normal,1,Kids are talking by the door,2,7,Actor_07,male,0
B:\Experiments\Project Peter\Data\Raw\Actor_07\03-01-05-02-01-01-07.wav,03-01-05-02-01-01-07.wav,395378,03,01,5,angry,2,strong,1,Kids are talking by the door,1,7,Actor_07,male,0
B:\Experiments\Project Peter\Data\Raw\Actor_07\03-01-05-02-01-02-07.wav,03-01-05-02-01-02-07.wav,433816,03,01,5,angry,2,strong,1,Kids are talking by the door,2,7,Actor_07,male,0
B:\Experiments\Project Peter\Data\Raw\Actor_07\03-01-05-01-02-01-07.wav,03-01-05-01-02-01-07.wav,433820,03,01,5,angry,1,normal,2,Dogs are sitting by the door,1,7,Actor_07,male,0
B:\Experiments\Project Peter\Data\Raw\Actor_07\03-01-05-01-02-02-07.wav,03-01-05-01-02-02-07.wav,433814,03,01,5,angry,1,normal,2,Dogs are sitting by the door,2,7,Actor_07,male,0
B:\Experiments\Project Peter\Data\Raw\Actor_07\03-01-05-02-02-01-07.wav,03-01-05-02-02-01-07.wav,417802,03,01,5,angry,2,strong,2,Dogs are sitting by the door,1,7,Actor_07,male,0
B:\Experiments\Project Peter\Data\Raw\Actor_07\03-01-05-02-02-02-07.wav,03-01-05-02-02-02-07.wav,465850,03,01,5,angry,2,strong,2,Dogs are sitting by the door,2,7,Actor_07,male,0
B:\Experiments\Project Peter\Data\Raw\Actor_07\03-01-06-01-01-01-07.wav,03-01-06-01-01-01-07.wav,379364,03,01,6,fearful,1,normal,1,Kids are talking by the door,1,7,Actor_07,male,0
B:\Experiments\Project Peter\Data\Raw\Actor_07\03-01-06-01-01-02-07.wav,03-01-06-01-01-02-07.wav,385770,03,01,6,fearful,1,normal,1,Kids are talking by the door,2,7,Actor_07,male,0
B:\Experiments\Project Peter\Data\Raw\Actor_07\03-01-06-02-01-01-07.wav,03-01-06-02-01-01-07.wav,398586,03,01,6,fearful,2,strong,1,Kids are talking by the door,1,7,Actor_07,male,0
B:\Experiments\Project Peter\Data\Raw\Actor_07\03-01-06-02-01-02-07.wav,03-01-06-02-01-02-07.wav,381324,03,01,6,fearful,2,strong,1,Kids are talking by the door,2,7,Actor_07,male,0
B:\Experiments\Project Peter\Data\Raw\Actor_07\03-01-06-01-02-01-07.wav,03-01-06-01-02-01-07.wav,379364,03,01,6,fearful,1,normal,2,Dogs are sitting by the door,1,7,Actor_07,male,0
B:\Experiments\Project Peter\Data\Raw\Actor_07\03-01-06-01-02-02-07.wav,03-01-06-01-02-02-07.wav,372958,03,01,6,fearful,1,normal,2,Dogs are sitting by the door,2,7,Actor_07,male,0
B:\Experiments\Project Peter\Data\Raw\Actor_07\03-01-06-02-02-01-07.wav,03-01-06-02-02-01-07.wav,376162,03,01,6,fearful,2,strong,2,Dogs are sitting by the door,1,7,Actor_07,male,0
B:\Experiments\Project Peter\Data\Raw\Actor_07\03-01-06-02-02-02-07.wav,03-01-06-02-02-02-07.wav,385768,03,01,6,fearful,2,strong,2,Dogs are sitting by the door,2,7,Actor_07,male,0
B:\Experiments\Project Peter\Data\Raw\Actor_07\03-01-07-01-01-01-07.wav,03-01-07-01-01-01-07.wav,388974,03,01,7,disgust,1,normal,1,Kids are talking by the door,1,7,Actor_07,male,0
B:\Experiments\Project Peter\Data\Raw\Actor_07\03-01-07-01-01-02-07.wav,03-01-07-01-01-02-07.wav,385772,03,01,7,disgust,1,normal,1,Kids are talking by the door,2,7,Actor_07,male,0
B:\Experiments\Project Peter\Data\Raw\Actor_07\03-01-07-02-01-01-07.wav,03-01-07-02-01-01-07.wav,446634,03,01,7,disgust,2,strong,1,Kids are talking by the door,1,7,Actor_07,male,0
B:\Experiments\Project Peter\Data\Raw\Actor_07\03-01-07-02-01-02-07.wav,03-01-07-02-01-02-07.wav,472252,03,01,7,disgust,2,strong,1,Kids are talking by the door,2,7,Actor_07,male,0
B:\Experiments\Project Peter\Data\Raw\Actor_07\03-01-07-01-02-01-07.wav,03-01-07-01-02-01-07.wav,379366,03,01,7,disgust,1,normal,2,Dogs are sitting by the door,1,7,Actor_07,male,0
B:\Experiments\Project Peter\Data\Raw\Actor_07\03-01-07-01-02-02-07.wav,03-01-07-01-02-02-07.wav,388974,03,01,7,disgust,1,normal,2,Dogs are sitting by the door,2,7,Actor_07,male,0
B:\Experiments\Project Peter\Data\Raw\Actor_07\03-01-07-02-02-01-07.wav,03-01-07-02-02-01-07.wav,446632,03,01,7,disgust,2,strong,2,Dogs are sitting by the door,1,7,Actor_07,male,0
B:\Experiments\Project Peter\Data\Raw\Actor_07\03-01-07-02-02-02-07.wav,03-01-07-02-02-02-07.wav,507492,03,01,7,disgust,2,strong,2,Dogs are sitting by the door,2,7,Actor_07,male,0
B:\Experiments\Project Peter\Data\Raw\Actor_07\03-01-08-01-01-01-07.wav,03-01-08-01-01-01-07.wav,382560,03,01,8,surprised,1,normal,1,Kids are talking by the door,1,7,Actor_07,male,0
B:\Experiments\Project Peter\Data\Raw\Actor_07\03-01-08-01-01-02-07.wav,03-01-08-01-01-02-07.wav,388968,03,01,8,surprised,1,normal,1,Kids are talking by the door,2,7,Actor_07,male,0
B:\Experiments\Project Peter\Data\Raw\Actor_07\03-01-08-02-01-01-07.wav,03-01-08-02-01-01-07.wav,421008,03,01,8,surprised,2,strong,1,Kids are talking by the door,1,7,Actor_07,male,0
B:\Experiments\Project Peter\Data\Raw\Actor_07\03-01-08-02-01-02-07.wav,03-01-08-02-01-02-07.wav,398584,03,01,8,surprised,2,strong,1,Kids are talking by the door,2,7,Actor_07,male,0
B:\Experiments\Project Peter\Data\Raw\Actor_07\03-01-08-01-02-01-07.wav,03-01-08-01-02-01-07.wav,379358,03,01,8,surprised,1,normal,2,Dogs are sitting by the door,1,7,Actor_07,male,0
B:\Experiments\Project Peter\Data\Raw\Actor_07\03-01-08-01-02-02-07.wav,03-01-08-01-02-02-07.wav,379358,03,01,8,surprised,1,normal,2,Dogs are sitting by the door,2,7,Actor_07,male,0
B:\Experiments\Project Peter\Data\Raw\Actor_07\03-01-08-02-02-01-07.wav,03-01-08-02-02-01-07.wav,378120,03,01,8,surprised,2,strong,2,Dogs are sitting by the door,1,7,Actor_07,male,0
B:\Experiments\Project Peter\Data\Raw\Actor_07\03-01-08-02-02-02-07.wav,03-01-08-02-02-02-07.wav,383172,03,01,8,surprised,2,strong,2,Dogs are sitting by the door,2,7,Actor_07,male,0
B:\Experiments\Project Peter\Data\Raw\Actor_08\03-01-01-01-01-01-08.wav,03-01-01-01-01-01-08.wav,373314,03,01,1,neutral,1,normal,1,Kids are talking by the door,1,8,Actor_08,female,0
B:\Experiments\Project Peter\Data\Raw\Actor_08\03-01-01-01-01-02-08.wav,03-01-01-01-01-02-08.wav,386254,03,01,1,neutral,1,normal,1,Kids are talking by the door,2,8,Actor_08,female,0
B:\Experiments\Project Peter\Data\Raw\Actor_08\03-01-01-01-02-01-08.wav,03-01-01-01-02-01-08.wav,376646,03,01,1,neutral,1,normal,2,Dogs are sitting by the door,1,8,Actor_08,female,0
B:\Experiments\Project Peter\Data\Raw\Actor_08\03-01-01-01-02-02-08.wav,03-01-01-01-02-02-08.wav,373442,03,01,1,neutral,1,normal,2,Dogs are sitting by the door,2,8,Actor_08,female,0
B:\Experiments\Project Peter\Data\Raw\Actor_08\03-01-02-01-01-01-08.wav,03-01-02-01-01-01-08.wav,383054,03,01,2,calm,1,normal,1,Kids are talking by the door,1,8,Actor_08,female,0
B:\Experiments\Project Peter\Data\Raw\Actor_08\03-01-02-01-01-02-08.wav,03-01-02-01-01-02-08.wav,363836,03,01,2,calm,1,normal,1,Kids are talking by the door,2,8,Actor_08,female,0
B:\Experiments\Project Peter\Data\Raw\Actor_08\03-01-02-02-01-01-08.wav,03-01-02-02-01-01-08.wav,386254,03,01,2,calm,2,strong,1,Kids are talking by the door,1,8,Actor_08,female,0
B:\Experiments\Project Peter\Data\Raw\Actor_08\03-01-02-02-01-02-08.wav,03-01-02-02-01-02-08.wav,395864,03,01,2,calm,2,strong,1,Kids are talking by the door,2,8,Actor_08,female,0
B:\Experiments\Project Peter\Data\Raw\Actor_08\03-01-02-01-02-01-08.wav,03-01-02-01-02-01-08.wav,370240,03,01,2,calm,1,normal,2,Dogs are sitting by the door,1,8,Actor_08,female,0
B:\Experiments\Project Peter\Data\Raw\Actor_08\03-01-02-01-02-02-08.wav,03-01-02-01-02-02-08.wav,370240,03,01,2,calm,1,normal,2,Dogs are sitting by the door,2,8,Actor_08,female,0
B:\Experiments\Project Peter\Data\Raw\Actor_08\03-01-02-02-02-01-08.wav,03-01-02-02-02-01-08.wav,389460,03,01,2,calm,2,strong,2,Dogs are sitting by the door,1,8,Actor_08,female,0
B:\Experiments\Project Peter\Data\Raw\Actor_08\03-01-02-02-02-02-08.wav,03-01-02-02-02-02-08.wav,402274,03,01,2,calm,2,strong,2,Dogs are sitting by the door,2,8,Actor_08,female,0
B:\Experiments\Project Peter\Data\Raw\Actor_08\03-01-03-01-01-01-08.wav,03-01-03-01-01-01-08.wav,373444,03,01,3,happy,1,normal,1,Kids are talking by the door,1,8,Actor_08,female,0
B:\Experiments\Project Peter\Data\Raw\Actor_08\03-01-03-01-01-02-08.wav,03-01-03-01-01-02-08.wav,367036,03,01,3,happy,1,normal,1,Kids are talking by the door,2,8,Actor_08,female,0
B:\Experiments\Project Peter\Data\Raw\Actor_08\03-01-03-02-01-01-08.wav,03-01-03-02-01-01-08.wav,399070,03,01,3,happy,2,strong,1,Kids are talking by the door,1,8,Actor_08,female,0
B:\Experiments\Project Peter\Data\Raw\Actor_08\03-01-03-02-01-02-08.wav,03-01-03-02-01-02-08.wav,411884,03,01,3,happy,2,strong,1,Kids are talking by the door,2,8,Actor_08,female,0
B:\Experiments\Project Peter\Data\Raw\Actor_08\03-01-03-01-02-01-08.wav,03-01-03-01-02-01-08.wav,370240,03,01,3,happy,1,normal,2,Dogs are sitting by the door,1,8,Actor_08,female,0
B:\Experiments\Project Peter\Data\Raw\Actor_08\03-01-03-01-02-02-08.wav,03-01-03-01-02-02-08.wav,367038,03,01,3,happy,1,normal,2,Dogs are sitting by the door,2,8,Actor_08,female,0
B:\Experiments\Project Peter\Data\Raw\Actor_08\03-01-03-02-02-01-08.wav,03-01-03-02-02-01-08.wav,405478,03,01,3,happy,2,strong,2,Dogs are sitting by the door,1,8,Actor_08,female,0
B:\Experiments\Project Peter\Data\Raw\Actor_08\03-01-03-02-02-02-08.wav,03-01-03-02-02-02-08.wav,415084,03,01,3,happy,2,strong,2,Dogs are sitting by the door,2,8,Actor_08,female,0
B:\Experiments\Project Peter\Data\Raw\Actor_08\03-01-04-01-01-01-08.wav,03-01-04-01-01-01-08.wav,440718,03,01,4,sad,1,normal,1,Kids are talking by the door,1,8,Actor_08,female,0
B:\Experiments\Project Peter\Data\Raw\Actor_08\03-01-04-01-01-02-08.wav,03-01-04-01-01-02-08.wav,408684,03,01,4,sad,1,normal,1,Kids are talking by the door,2,8,Actor_08,female,0
B:\Experiments\Project Peter\Data\Raw\Actor_08\03-01-04-02-01-01-08.wav,03-01-04-02-01-01-08.wav,399022,03,01,4,sad,2,strong,1,Kids are talking by the door,1,8,Actor_08,female,0
B:\Experiments\Project Peter\Data\Raw\Actor_08\03-01-04-02-01-02-08.wav,03-01-04-02-01-02-08.wav,415090,03,01,4,sad,2,strong,1,Kids are talking by the door,2,8,Actor_08,female,0
B:\Experiments\Project Peter\Data\Raw\Actor_08\03-01-04-01-02-01-08.wav,03-01-04-01-02-01-08.wav,379858,03,01,4,sad,1,normal,2,Dogs are sitting by the door,1,8,Actor_08,female,0
B:\Experiments\Project Peter\Data\Raw\Actor_08\03-01-04-01-02-02-08.wav,03-01-04-01-02-02-08.wav,383060,03,01,4,sad,1,normal,2,Dogs are sitting by the door,2,8,Actor_08,female,0
B:\Experiments\Project Peter\Data\Raw\Actor_08\03-01-04-02-02-01-08.wav,03-01-04-02-02-01-08.wav,389464,03,01,4,sad,2,strong,2,Dogs are sitting by the door,1,8,Actor_08,female,0
B:\Experiments\Project Peter\Data\Raw\Actor_08\03-01-04-02-02-02-08.wav,03-01-04-02-02-02-08.wav,392670,03,01,4,sad,2,strong,2,Dogs are sitting by the door,2,8,Actor_08,female,0
B:\Experiments\Project Peter\Data\Raw\Actor_08\03-01-05-01-01-01-08.wav,03-01-05-01-01-01-08.wav,392670,03,01,5,angry,1,normal,1,Kids are talking by the door,1,8,Actor_08,female,0
B:\Experiments\Project Peter\Data\Raw\Actor_08\03-01-05-01-01-02-08.wav,03-01-05-01-01-02-08.wav,383060,03,01,5,angry,1,normal,1,Kids are talking by the door,2,8,Actor_08,female,0
B:\Experiments\Project Peter\Data\Raw\Actor_08\03-01-05-02-01-01-08.wav,03-01-05-02-01-01-08.wav,418294,03,01,5,angry,2,strong,1,Kids are talking by the door,1,8,Actor_08,female,0
B:\Experiments\Project Peter\Data\Raw\Actor_08\03-01-05-02-01-02-08.wav,03-01-05-02-01-02-08.wav,399076,03,01,5,angry,2,strong,1,Kids are talking by the door,2,8,Actor_08,female,0
B:\Experiments\Project Peter\Data\Raw\Actor_08\03-01-05-01-02-01-08.wav,03-01-05-01-02-01-08.wav,376654,03,01,5,angry,1,normal,2,Dogs are sitting by the door,1,8,Actor_08,female,0
B:\Experiments\Project Peter\Data\Raw\Actor_08\03-01-05-01-02-02-08.wav,03-01-05-01-02-02-08.wav,379856,03,01,5,angry,1,normal,2,Dogs are sitting by the door,2,8,Actor_08,female,0
B:\Experiments\Project Peter\Data\Raw\Actor_08\03-01-05-02-02-01-08.wav,03-01-05-02-02-01-08.wav,383062,03,01,5,angry,2,strong,2,Dogs are sitting by the door,1,8,Actor_08,female,0
B:\Experiments\Project Peter\Data\Raw\Actor_08\03-01-05-02-02-02-08.wav,03-01-05-02-02-02-08.wav,386264,03,01,5,angry,2,strong,2,Dogs are sitting by the door,2,8,Actor_08,female,0
B:\Experiments\Project Peter\Data\Raw\Actor_08\03-01-06-01-01-01-08.wav,03-01-06-01-01-01-08.wav,418298,03,01,6,fearful,1,normal,1,Kids are talking by the door,1,8,Actor_08,female,0
B:\Experiments\Project Peter\Data\Raw\Actor_08\03-01-06-01-01-02-08.wav,03-01-06-01-01-02-08.wav,389468,03,01,6,fearful,1,normal,1,Kids are talking by the door,2,8,Actor_08,female,0
B:\Experiments\Project Peter\Data\Raw\Actor_08\03-01-06-02-01-01-08.wav,03-01-06-02-01-01-08.wav,418294,03,01,6,fearful,2,strong,1,Kids are talking by the door,1,8,Actor_08,female,0
B:\Experiments\Project Peter\Data\Raw\Actor_08\03-01-06-02-01-02-08.wav,03-01-06-02-01-02-08.wav,411316,03,01,6,fearful,2,strong,1,Kids are talking by the door,2,8,Actor_08,female,0
B:\Experiments\Project Peter\Data\Raw\Actor_08\03-01-06-01-02-01-08.wav,03-01-06-01-02-01-08.wav,399078,03,01,6,fearful,1,normal,2,Dogs are sitting by the door,1,8,Actor_08,female,0
B:\Experiments\Project Peter\Data\Raw\Actor_08\03-01-06-01-02-02-08.wav,03-01-06-01-02-02-08.wav,389468,03,01,6,fearful,1,normal,2,Dogs are sitting by the door,2,8,Actor_08,female,0
B:\Experiments\Project Peter\Data\Raw\Actor_08\03-01-06-02-02-01-08.wav,03-01-06-02-02-01-08.wav,408684,03,01,6,fearful,2,strong,2,Dogs are sitting by the door,1,8,Actor_08,female,0
B:\Experiments\Project Peter\Data\Raw\Actor_08\03-01-06-02-02-02-08.wav,03-01-06-02-02-02-08.wav,415092,03,01,6,fearful,2,strong,2,Dogs are sitting by the door,2,8,Actor_08,female,0
B:\Experiments\Project Peter\Data\Raw\Actor_08\03-01-07-01-01-01-08.wav,03-01-07-01-01-01-08.wav,411882,03,01,7,disgust,1,normal,1,Kids are talking by the door,1,8,Actor_08,female,0
B:\Experiments\Project Peter\Data\Raw\Actor_08\03-01-07-01-01-02-08.wav,03-01-07-01-01-02-08.wav,389462,03,01,7,disgust,1,normal,1,Kids are talking by the door,2,8,Actor_08,female,0
B:\Experiments\Project Peter\Data\Raw\Actor_08\03-01-07-02-01-01-08.wav,03-01-07-02-01-01-08.wav,427900,03,01,7,disgust,2,strong,1,Kids are talking by the door,1,8,Actor_08,female,0
B:\Experiments\Project Peter\Data\Raw\Actor_08\03-01-07-02-01-02-08.wav,03-01-07-02-01-02-08.wav,399074,03,01,7,disgust,2,strong,1,Kids are talking by the door,2,8,Actor_08,female,0
B:\Experiments\Project Peter\Data\Raw\Actor_08\03-01-07-01-02-01-08.wav,03-01-07-01-02-01-08.wav,415090,03,01,7,disgust,1,normal,2,Dogs are sitting by the door,1,8,Actor_08,female,0
B:\Experiments\Project Peter\Data\Raw\Actor_08\03-01-07-01-02-02-08.wav,03-01-07-01-02-02-08.wav,405480,03,01,7,disgust,1,normal,2,Dogs are sitting by the door,2,8,Actor_08,female,0
B:\Experiments\Project Peter\Data\Raw\Actor_08\03-01-07-02-02-01-08.wav,03-01-07-02-02-01-08.wav,395872,03,01,7,disgust,2,strong,2,Dogs are sitting by the door,1,8,Actor_08,female,0
B:\Experiments\Project Peter\Data\Raw\Actor_08\03-01-07-02-02-02-08.wav,03-01-07-02-02-02-08.wav,408682,03,01,7,disgust,2,strong,2,Dogs are sitting by the door,2,8,Actor_08,female,0
B:\Experiments\Project Peter\Data\Raw\Actor_08\03-01-08-01-01-01-08.wav,03-01-08-01-01-01-08.wav,392666,03,01,8,surprised,1,normal,1,Kids are talking by the door,1,8,Actor_08,female,0
B:\Experiments\Project Peter\Data\Raw\Actor_08\03-01-08-01-01-02-08.wav,03-01-08-01-01-02-08.wav,402274,03,01,8,surprised,1,normal,1,Kids are talking by the door,2,8,Actor_08,female,0
B:\Experiments\Project Peter\Data\Raw\Actor_08\03-01-08-02-01-01-08.wav,03-01-08-02-01-01-08.wav,405482,03,01,8,surprised,2,strong,1,Kids are talking by the door,1,8,Actor_08,female,0
B:\Experiments\Project Peter\Data\Raw\Actor_08\03-01-08-02-01-02-08.wav,03-01-08-02-01-02-08.wav,392668,03,01,8,surprised,2,strong,1,Kids are talking by the door,2,8,Actor_08,female,0
B:\Experiments\Project Peter\Data\Raw\Actor_08\03-01-08-01-02-01-08.wav,03-01-08-01-02-01-08.wav,399072,03,01,8,surprised,1,normal,2,Dogs are sitting by the door,1,8,Actor_08,female,0
B:\Experiments\Project Peter\Data\Raw\Actor_08\03-01-08-01-02-02-08.wav,03-01-08-01-02-02-08.wav,377332,03,01,8,surprised,1,normal,2,Dogs are sitting by the door,2,8,Actor_08,female,0
B:\Experiments\Project Peter\Data\Raw\Actor_08\03-01-08-02-02-01-08.wav,03-01-08-02-02-01-08.wav,402278,03,01,8,surprised,2,strong,2,Dogs are sitting by the door,1,8,Actor_08,female,0
B:\Experiments\Project Peter\Data\Raw\Actor_08\03-01-08-02-02-02-08.wav,03-01-08-02-02-02-08.wav,408686,03,01,8,surprised,2,strong,2,Dogs are sitting by the door,2,8,Actor_08,female,0
B:\Experiments\Project Peter\Data\Raw\Actor_09\03-01-01-01-01-01-09.wav,03-01-01-01-01-01-09.wav,360982,03,01,1,neutral,1,normal,1,Kids are talking by the door,1,9,Actor_09,male,3
B:\Experiments\Project Peter\Data\Raw\Actor_09\03-01-01-01-01-02-09.wav,03-01-01-01-01-02-09.wav,354758,03,01,1,neutral,1,normal,1,Kids are talking by the door,2,9,Actor_09,male,3
B:\Experiments\Project Peter\Data\Raw\Actor_09\03-01-01-01-02-01-09.wav,03-01-01-01-02-01-09.wav,367570,03,01,1,neutral,1,normal,2,Dogs are sitting by the door,1,9,Actor_09,male,3
B:\Experiments\Project Peter\Data\Raw\Actor_09\03-01-01-01-02-02-09.wav,03-01-01-01-02-02-09.wav,357974,03,01,1,neutral,1,normal,2,Dogs are sitting by the door,2,9,Actor_09,male,3
B:\Experiments\Project Peter\Data\Raw\Actor_09\03-01-02-01-01-01-09.wav,03-01-02-01-01-01-09.wav,367582,03,01,2,calm,1,normal,1,Kids are talking by the door,1,9,Actor_09,male,3
B:\Experiments\Project Peter\Data\Raw\Actor_09\03-01-02-01-01-02-09.wav,03-01-02-01-01-02-09.wav,367582,03,01,2,calm,1,normal,1,Kids are talking by the door,2,9,Actor_09,male,3
B:\Experiments\Project Peter\Data\Raw\Actor_09\03-01-02-02-01-01-09.wav,03-01-02-02-01-01-09.wav,367582,03,01,2,calm,2,strong,1,Kids are talking by the door,1,9,Actor_09,male,3
B:\Experiments\Project Peter\Data\Raw\Actor_09\03-01-02-02-01-02-09.wav,03-01-02-02-01-02-09.wav,377192,03,01,2,calm,2,strong,1,Kids are talking by the door,2,9,Actor_09,male,3
B:\Experiments\Project Peter\Data\Raw\Actor_09\03-01-02-01-02-01-09.wav,03-01-02-01-02-01-09.wav,380396,03,01,2,calm,1,normal,2,Dogs are sitting by the door,1,9,Actor_09,male,3
B:\Experiments\Project Peter\Data\Raw\Actor_09\03-01-02-01-02-02-09.wav,03-01-02-01-02-02-09.wav,390004,03,01,2,calm,1,normal,2,Dogs are sitting by the door,2,9,Actor_09,male,3
B:\Experiments\Project Peter\Data\Raw\Actor_09\03-01-02-02-02-01-09.wav,03-01-02-02-02-01-09.wav,412426,03,01,2,calm,2,strong,2,Dogs are sitting by the door,1,9,Actor_09,male,3
B:\Experiments\Project Peter\Data\Raw\Actor_09\03-01-02-02-02-02-09.wav,03-01-02-02-02-02-09.wav,396412,03,01,2,calm,2,strong,2,Dogs are sitting by the door,2,9,Actor_09,male,3
B:\Experiments\Project Peter\Data\Raw\Actor_09\03-01-03-01-01-01-09.wav,03-01-03-01-01-01-09.wav,367580,03,01,3,happy,1,normal,1,Kids are talking by the door,1,9,Actor_09,male,3
B:\Experiments\Project Peter\Data\Raw\Actor_09\03-01-03-01-01-02-09.wav,03-01-03-01-01-02-09.wav,386798,03,01,3,happy,1,normal,1,Kids are talking by the door,2,9,Actor_09,male,3
B:\Experiments\Project Peter\Data\Raw\Actor_09\03-01-03-02-01-01-09.wav,03-01-03-02-01-01-09.wav,409228,03,01,3,happy,2,strong,1,Kids are talking by the door,1,9,Actor_09,male,3
B:\Experiments\Project Peter\Data\Raw\Actor_09\03-01-03-02-01-02-09.wav,03-01-03-02-01-02-09.wav,447666,03,01,3,happy,2,strong,1,Kids are talking by the door,2,9,Actor_09,male,3
B:\Experiments\Project Peter\Data\Raw\Actor_09\03-01-03-01-02-01-09.wav,03-01-03-01-02-01-09.wav,364376,03,01,3,happy,1,normal,2,Dogs are sitting by the door,1,9,Actor_09,male,3
B:\Experiments\Project Peter\Data\Raw\Actor_09\03-01-03-01-02-02-09.wav,03-01-03-01-02-02-09.wav,380394,03,01,3,happy,1,normal,2,Dogs are sitting by the door,2,9,Actor_09,male,3
B:\Experiments\Project Peter\Data\Raw\Actor_09\03-01-03-02-02-01-09.wav,03-01-03-02-02-01-09.wav,390014,03,01,3,happy,2,strong,2,Dogs are sitting by the door,1,9,Actor_09,male,3
B:\Experiments\Project Peter\Data\Raw\Actor_09\03-01-03-02-02-02-09.wav,03-01-03-02-02-02-09.wav,390012,03,01,3,happy,2,strong,2,Dogs are sitting by the door,2,9,Actor_09,male,3
B:\Experiments\Project Peter\Data\Raw\Actor_09\03-01-04-01-01-01-09.wav,03-01-04-01-01-01-09.wav,361182,03,01,4,sad,1,normal,1,Kids are talking by the door,1,9,Actor_09,male,3
B:\Experiments\Project Peter\Data\Raw\Actor_09\03-01-04-01-01-02-09.wav,03-01-04-01-01-02-09.wav,377196,03,01,4,sad,1,normal,1,Kids are talking by the door,2,9,Actor_09,male,3
B:\Experiments\Project Peter\Data\Raw\Actor_09\03-01-04-02-01-01-09.wav,03-01-04-02-01-01-09.wav,425248,03,01,4,sad,2,strong,1,Kids are talking by the door,1,9,Actor_09,male,3
B:\Experiments\Project Peter\Data\Raw\Actor_09\03-01-04-02-01-02-09.wav,03-01-04-02-01-02-09.wav,422044,03,01,4,sad,2,strong,1,Kids are talking by the door,2,9,Actor_09,male,3
B:\Experiments\Project Peter\Data\Raw\Actor_09\03-01-04-01-02-01-09.wav,03-01-04-01-02-01-09.wav,373994,03,01,4,sad,1,normal,2,Dogs are sitting by the door,1,9,Actor_09,male,3
B:\Experiments\Project Peter\Data\Raw\Actor_09\03-01-04-01-02-02-09.wav,03-01-04-01-02-02-09.wav,373996,03,01,4,sad,1,normal,2,Dogs are sitting by the door,2,9,Actor_09,male,3
B:\Experiments\Project Peter\Data\Raw\Actor_09\03-01-04-02-02-01-09.wav,03-01-04-02-02-01-09.wav,396420,03,01,4,sad,2,strong,2,Dogs are sitting by the door,1,9,Actor_09,male,3
B:\Experiments\Project Peter\Data\Raw\Actor_09\03-01-04-02-02-02-09.wav,03-01-04-02-02-02-09.wav,418842,03,01,4,sad,2,strong,2,Dogs are sitting by the door,2,9,Actor_09,male,3
B:\Experiments\Project Peter\Data\Raw\Actor_09\03-01-05-01-01-01-09.wav,03-01-05-01-01-01-09.wav,390012,03,01,5,angry,1,normal,1,Kids are talking by the door,1,9,Actor_09,male,3
B:\Experiments\Project Peter\Data\Raw\Actor_09\03-01-05-01-01-02-09.wav,03-01-05-01-01-02-09.wav,390000,03,01,5,angry,1,normal,1,Kids are talking by the door,2,9,Actor_09,male,3
B:\Experiments\Project Peter\Data\Raw\Actor_09\03-01-05-02-01-01-09.wav,03-01-05-02-01-01-09.wav,412436,03,01,5,angry,2,strong,1,Kids are talking by the door,1,9,Actor_09,male,3
B:\Experiments\Project Peter\Data\Raw\Actor_09\03-01-05-02-01-02-09.wav,03-01-05-02-01-02-09.wav,410594,03,01,5,angry,2,strong,1,Kids are talking by the door,2,9,Actor_09,male,3
B:\Experiments\Project Peter\Data\Raw\Actor_09\03-01-05-01-02-01-09.wav,03-01-05-01-02-01-09.wav,406024,03,01,5,angry,1,normal,2,Dogs are sitting by the door,1,9,Actor_09,male,3
B:\Experiments\Project Peter\Data\Raw\Actor_09\03-01-05-01-02-02-09.wav,03-01-05-01-02-02-09.wav,386810,03,01,5,angry,1,normal,2,Dogs are sitting by the door,2,9,Actor_09,male,3
B:\Experiments\Project Peter\Data\Raw\Actor_09\03-01-05-02-02-01-09.wav,03-01-05-02-02-01-09.wav,466890,03,01,5,angry,2,strong,2,Dogs are sitting by the door,1,9,Actor_09,male,3
B:\Experiments\Project Peter\Data\Raw\Actor_09\03-01-05-02-02-02-09.wav,03-01-05-02-02-02-09.wav,428450,03,01,5,angry,2,strong,2,Dogs are sitting by the door,2,9,Actor_09,male,3
B:\Experiments\Project Peter\Data\Raw\Actor_09\03-01-06-01-01-01-09.wav,03-01-06-01-01-01-09.wav,351492,03,01,6,fearful,1,normal,1,Kids are talking by the door,1,9,Actor_09,male,3
B:\Experiments\Project Peter\Data\Raw\Actor_09\03-01-06-01-01-02-09.wav,03-01-06-01-01-02-09.wav,351570,03,01,6,fearful,1,normal,1,Kids are talking by the door,2,9,Actor_09,male,3
B:\Experiments\Project Peter\Data\Raw\Actor_09\03-01-06-02-01-01-09.wav,03-01-06-02-01-01-09.wav,357976,03,01,6,fearful,2,strong,1,Kids are talking by the door,1,9,Actor_09,male,3
B:\Experiments\Project Peter\Data\Raw\Actor_09\03-01-06-02-01-02-09.wav,03-01-06-02-01-02-09.wav,361180,03,01,6,fearful,2,strong,1,Kids are talking by the door,2,9,Actor_09,male,3
B:\Experiments\Project Peter\Data\Raw\Actor_09\03-01-06-01-02-01-09.wav,03-01-06-01-02-01-09.wav,348368,03,01,6,fearful,1,normal,2,Dogs are sitting by the door,1,9,Actor_09,male,3
B:\Experiments\Project Peter\Data\Raw\Actor_09\03-01-06-01-02-02-09.wav,03-01-06-01-02-02-09.wav,348366,03,01,6,fearful,1,normal,2,Dogs are sitting by the door,2,9,Actor_09,male,3
B:\Experiments\Project Peter\Data\Raw\Actor_09\03-01-06-02-02-01-09.wav,03-01-06-02-02-01-09.wav,357976,03,01,6,fearful,2,strong,2,Dogs are sitting by the door,1,9,Actor_09,male,3
B:\Experiments\Project Peter\Data\Raw\Actor_09\03-01-06-02-02-02-09.wav,03-01-06-02-02-02-09.wav,357976,03,01,6,fearful,2,strong,2,Dogs are sitting by the door,2,9,Actor_09,male,3
B:\Experiments\Project Peter\Data\Raw\Actor_09\03-01-07-01-01-01-09.wav,03-01-07-01-01-01-09.wav,373992,03,01,7,disgust,1,normal,1,Kids are talking by the door,1,9,Actor_09,male,3
B:\Experiments\Project Peter\Data\Raw\Actor_09\03-01-07-01-01-02-09.wav,03-01-07-01-01-02-09.wav,383602,03,01,7,disgust,1,normal,1,Kids are talking by the door,2,9,Actor_09,male,3
B:\Experiments\Project Peter\Data\Raw\Actor_09\03-01-07-02-01-01-09.wav,03-01-07-02-01-01-09.wav,396436,03,01,7,disgust,2,strong,1,Kids are talking by the door,1,9,Actor_09,male,3
B:\Experiments\Project Peter\Data\Raw\Actor_09\03-01-07-02-01-02-09.wav,03-01-07-02-01-02-09.wav,386824,03,01,7,disgust,2,strong,1,Kids are talking by the door,2,9,Actor_09,male,3
B:\Experiments\Project Peter\Data\Raw\Actor_09\03-01-07-01-02-01-09.wav,03-01-07-01-02-01-09.wav,380408,03,01,7,disgust,1,normal,2,Dogs are sitting by the door,1,9,Actor_09,male,3
B:\Experiments\Project Peter\Data\Raw\Actor_09\03-01-07-01-02-02-09.wav,03-01-07-01-02-02-09.wav,374008,03,01,7,disgust,1,normal,2,Dogs are sitting by the door,2,9,Actor_09,male,3
B:\Experiments\Project Peter\Data\Raw\Actor_09\03-01-07-02-02-01-09.wav,03-01-07-02-02-01-09.wav,390028,03,01,7,disgust,2,strong,2,Dogs are sitting by the door,1,9,Actor_09,male,3
B:\Experiments\Project Peter\Data\Raw\Actor_09\03-01-07-02-02-02-09.wav,03-01-07-02-02-02-09.wav,393230,03,01,7,disgust,2,strong,2,Dogs are sitting by the door,2,9,Actor_09,male,3
B:\Experiments\Project Peter\Data\Raw\Actor_09\03-01-08-01-01-01-09.wav,03-01-08-01-01-01-09.wav,341964,03,01,8,surprised,1,normal,1,Kids are talking by the door,1,9,Actor_09,male,3
B:\Experiments\Project Peter\Data\Raw\Actor_09\03-01-08-01-01-02-09.wav,03-01-08-01-01-02-09.wav,367590,03,01,8,surprised,1,normal,1,Kids are talking by the door,2,9,Actor_09,male,3
B:\Experiments\Project Peter\Data\Raw\Actor_09\03-01-08-02-01-01-09.wav,03-01-08-02-01-01-09.wav,364386,03,01,8,surprised,2,strong,1,Kids are talking by the door,1,9,Actor_09,male,3
B:\Experiments\Project Peter\Data\Raw\Actor_09\03-01-08-02-01-02-09.wav,03-01-08-02-01-02-09.wav,361184,03,01,8,surprised,2,strong,1,Kids are talking by the door,2,9,Actor_09,male,3
B:\Experiments\Project Peter\Data\Raw\Actor_09\03-01-08-01-02-01-09.wav,03-01-08-01-02-01-09.wav,377196,03,01,8,surprised,1,normal,2,Dogs are sitting by the door,1,9,Actor_09,male,3
B:\Experiments\Project Peter\Data\Raw\Actor_09\03-01-08-01-02-02-09.wav,03-01-08-01-02-02-09.wav,377198,03,01,8,surprised,1,normal,2,Dogs are sitting by the door,2,9,Actor_09,male,3
B:\Experiments\Project Peter\Data\Raw\Actor_09\03-01-08-02-02-01-09.wav,03-01-08-02-02-01-09.wav,373996,03,01,8,surprised,2,strong,2,Dogs are sitting by the door,1,9,Actor_09,male,3
B:\Experiments\Project Peter\Data\Raw\Actor_09\03-01-08-02-02-02-09.wav,03-01-08-02-02-02-09.wav,377198,03,01,8,surprised,2,strong,2,Dogs are sitting by the door,2,9,Actor_09,male,3
B:\Experiments\Project Peter\Data\Raw\Actor_10\03-01-01-01-01-01-10.wav,03-01-01-01-01-01-10.wav,399286,03,01,1,neutral,1,normal,1,Kids are talking by the door,1,10,Actor_10,female,1
B:\Experiments\Project Peter\Data\Raw\Actor_10\03-01-01-01-01-02-10.wav,03-01-01-01-01-02-10.wav,428316,03,01,1,neutral,1,normal,1,Kids are talking by the door,2,10,Actor_10,female,1
B:\Experiments\Project Peter\Data\Raw\Actor_10\03-01-01-01-02-01-10.wav,03-01-01-01-02-01-10.wav,418706,03,01,1,neutral,1,normal,2,Dogs are sitting by the door,1,10,Actor_10,female,1
B:\Experiments\Project Peter\Data\Raw\Actor_10\03-01-01-01-02-02-10.wav,03-01-01-01-02-02-10.wav,412314,03,01,1,neutral,1,normal,2,Dogs are sitting by the door,2,10,Actor_10,female,1
B:\Experiments\Project Peter\Data\Raw\Actor_10\03-01-02-01-01-01-10.wav,03-01-02-01-01-01-10.wav,402704,03,01,2,calm,1,normal,1,Kids are talking by the door,1,10,Actor_10,female,1
B:\Experiments\Project Peter\Data\Raw\Actor_10\03-01-02-01-01-02-10.wav,03-01-02-01-01-02-10.wav,405910,03,01,2,calm,1,normal,1,Kids are talking by the door,2,10,Actor_10,female,1
B:\Experiments\Project Peter\Data\Raw\Actor_10\03-01-02-02-01-01-10.wav,03-01-02-02-01-01-10.wav,418724,03,01,2,calm,2,strong,1,Kids are talking by the door,1,10,Actor_10,female,1
B:\Experiments\Project Peter\Data\Raw\Actor_10\03-01-02-02-01-02-10.wav,03-01-02-02-01-02-10.wav,418714,03,01,2,calm,2,strong,1,Kids are talking by the door,2,10,Actor_10,female,1
B:\Experiments\Project Peter\Data\Raw\Actor_10\03-01-02-01-02-01-10.wav,03-01-02-01-02-01-10.wav,409114,03,01,2,calm,1,normal,2,Dogs are sitting by the door,1,10,Actor_10,female,1
B:\Experiments\Project Peter\Data\Raw\Actor_10\03-01-02-01-02-02-10.wav,03-01-02-01-02-02-10.wav,415522,03,01,2,calm,1,normal,2,Dogs are sitting by the door,2,10,Actor_10,female,1
B:\Experiments\Project Peter\Data\Raw\Actor_10\03-01-02-02-02-01-10.wav,03-01-02-02-02-01-10.wav,425130,03,01,2,calm,2,strong,2,Dogs are sitting by the door,1,10,Actor_10,female,1
B:\Experiments\Project Peter\Data\Raw\Actor_10\03-01-02-02-02-02-10.wav,03-01-02-02-02-02-10.wav,428334,03,01,2,calm,2,strong,2,Dogs are sitting by the door,2,10,Actor_10,female,1
B:\Experiments\Project Peter\Data\Raw\Actor_10\03-01-03-01-01-01-10.wav,03-01-03-01-01-01-10.wav,396302,03,01,3,happy,1,normal,1,Kids are talking by the door,1,10,Actor_10,female,1
B:\Experiments\Project Peter\Data\Raw\Actor_10\03-01-03-01-01-02-10.wav,03-01-03-01-01-02-10.wav,393098,03,01,3,happy,1,normal,1,Kids are talking by the door,2,10,Actor_10,female,1
B:\Experiments\Project Peter\Data\Raw\Actor_10\03-01-03-02-01-01-10.wav,03-01-03-02-01-01-10.wav,428334,03,01,3,happy,2,strong,1,Kids are talking by the door,1,10,Actor_10,female,1
B:\Experiments\Project Peter\Data\Raw\Actor_10\03-01-03-02-01-02-10.wav,03-01-03-02-01-02-10.wav,396302,03,01,3,happy,2,strong,1,Kids are talking by the door,2,10,Actor_10,female,1
B:\Experiments\Project Peter\Data\Raw\Actor_10\03-01-03-01-02-01-10.wav,03-01-03-01-02-01-10.wav,377082,03,01,3,happy,1,normal,2,Dogs are sitting by the door,1,10,Actor_10,female,1
B:\Experiments\Project Peter\Data\Raw\Actor_10\03-01-03-01-02-02-10.wav,03-01-03-01-02-02-10.wav,380286,03,01,3,happy,1,normal,2,Dogs are sitting by the door,2,10,Actor_10,female,1
B:\Experiments\Project Peter\Data\Raw\Actor_10\03-01-03-02-02-01-10.wav,03-01-03-02-02-01-10.wav,418724,03,01,3,happy,2,strong,2,Dogs are sitting by the door,1,10,Actor_10,female,1
B:\Experiments\Project Peter\Data\Raw\Actor_10\03-01-03-02-02-02-10.wav,03-01-03-02-02-02-10.wav,441148,03,01,3,happy,2,strong,2,Dogs are sitting by the door,2,10,Actor_10,female,1
B:\Experiments\Project Peter\Data\Raw\Actor_10\03-01-04-01-01-01-10.wav,03-01-04-01-01-01-10.wav,377088,03,01,4,sad,1,normal,1,Kids are talking by the door,1,10,Actor_10,female,1
B:\Experiments\Project Peter\Data\Raw\Actor_10\03-01-04-01-01-02-10.wav,03-01-04-01-01-02-10.wav,393108,03,01,4,sad,1,normal,1,Kids are talking by the door,2,10,Actor_10,female,1
B:\Experiments\Project Peter\Data\Raw\Actor_10\03-01-04-02-01-01-10.wav,03-01-04-02-01-01-10.wav,396312,03,01,4,sad,2,strong,1,Kids are talking by the door,1,10,Actor_10,female,1
B:\Experiments\Project Peter\Data\Raw\Actor_10\03-01-04-02-01-02-10.wav,03-01-04-02-01-02-10.wav,402718,03,01,4,sad,2,strong,1,Kids are talking by the door,2,10,Actor_10,female,1
B:\Experiments\Project Peter\Data\Raw\Actor_10\03-01-04-01-02-01-10.wav,03-01-04-01-02-01-10.wav,399516,03,01,4,sad,1,normal,2,Dogs are sitting by the door,1,10,Actor_10,female,1
B:\Experiments\Project Peter\Data\Raw\Actor_10\03-01-04-01-02-02-10.wav,03-01-04-01-02-02-10.wav,425134,03,01,4,sad,1,normal,2,Dogs are sitting by the door,2,10,Actor_10,female,1
B:\Experiments\Project Peter\Data\Raw\Actor_10\03-01-04-02-02-01-10.wav,03-01-04-02-02-01-10.wav,412328,03,01,4,sad,2,strong,2,Dogs are sitting by the door,1,10,Actor_10,female,1
B:\Experiments\Project Peter\Data\Raw\Actor_10\03-01-04-02-02-02-10.wav,03-01-04-02-02-02-10.wav,402718,03,01,4,sad,2,strong,2,Dogs are sitting by the door,2,10,Actor_10,female,1
B:\Experiments\Project Peter\Data\Raw\Actor_10\03-01-05-01-01-01-10.wav,03-01-05-01-01-01-10.wav,434752,03,01,5,angry,1,normal,1,Kids are talking by the door,1,10,Actor_10,female,1
B:\Experiments\Project Peter\Data\Raw\Actor_10\03-01-05-01-01-02-10.wav,03-01-05-01-01-02-10.wav,444362,03,01,5,angry,1,normal,1,Kids are talking by the door,2,10,Actor_10,female,1
B:\Experiments\Project Peter\Data\Raw\Actor_10\03-01-05-02-01-01-10.wav,03-01-05-02-01-01-10.wav,460376,03,01,5,angry,2,strong,1,Kids are talking by the door,1,10,Actor_10,female,1
B:\Experiments\Project Peter\Data\Raw\Actor_10\03-01-05-02-01-02-10.wav,03-01-05-02-01-02-10.wav,489210,03,01,5,angry,2,strong,1,Kids are talking by the door,2,10,Actor_10,female,1
B:\Experiments\Project Peter\Data\Raw\Actor_10\03-01-05-01-02-01-10.wav,03-01-05-01-02-01-10.wav,453972,03,01,5,angry,1,normal,2,Dogs are sitting by the door,1,10,Actor_10,female,1
B:\Experiments\Project Peter\Data\Raw\Actor_10\03-01-05-01-02-02-10.wav,03-01-05-01-02-02-10.wav,457176,03,01,5,angry,1,normal,2,Dogs are sitting by the door,2,10,Actor_10,female,1
B:\Experiments\Project Peter\Data\Raw\Actor_10\03-01-05-02-02-01-10.wav,03-01-05-02-02-01-10.wav,431552,03,01,5,angry,2,strong,2,Dogs are sitting by the door,1,10,Actor_10,female,1
B:\Experiments\Project Peter\Data\Raw\Actor_10\03-01-05-02-02-02-10.wav,03-01-05-02-02-02-10.wav,456346,03,01,5,angry,2,strong,2,Dogs are sitting by the door,2,10,Actor_10,female,1
B:\Experiments\Project Peter\Data\Raw\Actor_10\03-01-06-01-01-01-10.wav,03-01-06-01-01-01-10.wav,386710,03,01,6,fearful,1,normal,1,Kids are talking by the door,1,10,Actor_10,female,1
B:\Experiments\Project Peter\Data\Raw\Actor_10\03-01-06-01-01-02-10.wav,03-01-06-01-01-02-10.wav,377100,03,01,6,fearful,1,normal,1,Kids are talking by the door,2,10,Actor_10,female,1
B:\Experiments\Project Peter\Data\Raw\Actor_10\03-01-06-02-01-01-10.wav,03-01-06-02-01-01-10.wav,396318,03,01,6,fearful,2,strong,1,Kids are talking by the door,1,10,Actor_10,female,1
B:\Experiments\Project Peter\Data\Raw\Actor_10\03-01-06-02-01-02-10.wav,03-01-06-02-01-02-10.wav,415538,03,01,6,fearful,2,strong,1,Kids are talking by the door,2,10,Actor_10,female,1
B:\Experiments\Project Peter\Data\Raw\Actor_10\03-01-06-01-02-01-10.wav,03-01-06-01-02-01-10.wav,399520,03,01,6,fearful,1,normal,2,Dogs are sitting by the door,1,10,Actor_10,female,1
B:\Experiments\Project Peter\Data\Raw\Actor_10\03-01-06-01-02-02-10.wav,03-01-06-01-02-02-10.wav,389912,03,01,6,fearful,1,normal,2,Dogs are sitting by the door,2,10,Actor_10,female,1
B:\Experiments\Project Peter\Data\Raw\Actor_10\03-01-06-02-02-01-10.wav,03-01-06-02-02-01-10.wav,425146,03,01,6,fearful,2,strong,2,Dogs are sitting by the door,1,10,Actor_10,female,1
B:\Experiments\Project Peter\Data\Raw\Actor_10\03-01-06-02-02-02-10.wav,03-01-06-02-02-02-10.wav,431554,03,01,6,fearful,2,strong,2,Dogs are sitting by the door,2,10,Actor_10,female,1
B:\Experiments\Project Peter\Data\Raw\Actor_10\03-01-07-01-01-01-10.wav,03-01-07-01-01-01-10.wav,415528,03,01,7,disgust,1,normal,1,Kids are talking by the door,1,10,Actor_10,female,1
B:\Experiments\Project Peter\Data\Raw\Actor_10\03-01-07-01-01-02-10.wav,03-01-07-01-01-02-10.wav,463584,03,01,7,disgust,1,normal,1,Kids are talking by the door,2,10,Actor_10,female,1
B:\Experiments\Project Peter\Data\Raw\Actor_10\03-01-07-02-01-01-10.wav,03-01-07-02-01-01-10.wav,508430,03,01,7,disgust,2,strong,1,Kids are talking by the door,1,10,Actor_10,female,1
B:\Experiments\Project Peter\Data\Raw\Actor_10\03-01-07-02-01-02-10.wav,03-01-07-02-01-02-10.wav,495614,03,01,7,disgust,2,strong,1,Kids are talking by the door,2,10,Actor_10,female,1
B:\Experiments\Project Peter\Data\Raw\Actor_10\03-01-07-01-02-01-10.wav,03-01-07-01-02-01-10.wav,431554,03,01,7,disgust,1,normal,2,Dogs are sitting by the door,1,10,Actor_10,female,1
B:\Experiments\Project Peter\Data\Raw\Actor_10\03-01-07-01-02-02-10.wav,03-01-07-01-02-02-10.wav,469992,03,01,7,disgust,1,normal,2,Dogs are sitting by the door,2,10,Actor_10,female,1
B:\Experiments\Project Peter\Data\Raw\Actor_10\03-01-07-02-02-01-10.wav,03-01-07-02-02-01-10.wav,463580,03,01,7,disgust,2,strong,2,Dogs are sitting by the door,1,10,Actor_10,female,1
B:\Experiments\Project Peter\Data\Raw\Actor_10\03-01-07-02-02-02-10.wav,03-01-07-02-02-02-10.wav,527644,03,01,7,disgust,2,strong,2,Dogs are sitting by the door,2,10,Actor_10,female,1
B:\Experiments\Project Peter\Data\Raw\Actor_10\03-01-08-01-01-01-10.wav,03-01-08-01-01-01-10.wav,370676,03,01,8,surprised,1,normal,1,Kids are talking by the door,1,10,Actor_10,female,1
B:\Experiments\Project Peter\Data\Raw\Actor_10\03-01-08-01-01-02-10.wav,03-01-08-01-01-02-10.wav,386694,03,01,8,surprised,1,normal,1,Kids are talking by the door,2,10,Actor_10,female,1
B:\Experiments\Project Peter\Data\Raw\Actor_10\03-01-08-02-01-01-10.wav,03-01-08-02-01-01-10.wav,396302,03,01,8,surprised,2,strong,1,Kids are talking by the door,1,10,Actor_10,female,1
B:\Experiments\Project Peter\Data\Raw\Actor_10\03-01-08-02-01-02-10.wav,03-01-08-02-01-02-10.wav,386692,03,01,8,surprised,2,strong,1,Kids are talking by the door,2,10,Actor_10,female,1
B:\Experiments\Project Peter\Data\Raw\Actor_10\03-01-08-01-02-01-10.wav,03-01-08-01-02-01-10.wav,396292,03,01,8,surprised,1,normal,2,Dogs are sitting by the door,1,10,Actor_10,female,1
B:\Experiments\Project Peter\Data\Raw\Actor_10\03-01-08-01-02-02-10.wav,03-01-08-01-02-02-10.wav,393098,03,01,8,surprised,1,normal,2,Dogs are sitting by the door,2,10,Actor_10,female,1
B:\Experiments\Project Peter\Data\Raw\Actor_10\03-01-08-02-02-01-10.wav,03-01-08-02-02-01-10.wav,409120,03,01,8,surprised,2,strong,2,Dogs are sitting by the door,1,10,Actor_10,female,1
B:\Experiments\Project Peter\Data\Raw\Actor_10\03-01-08-02-02-02-10.wav,03-01-08-02-02-02-10.wav,396316,03,01,8,surprised,2,strong,2,Dogs are sitting by the door,2,10,Actor_10,female,1
B:\Experiments\Project Peter\Data\Raw\Actor_11\03-01-01-01-01-01-11.wav,03-01-01-01-01-01-11.wav,348136,03,01,1,neutral,1,normal,1,Kids are talking by the door,1,11,Actor_11,male,4
B:\Experiments\Project Peter\Data\Raw\Actor_11\03-01-01-01-01-02-11.wav,03-01-01-01-01-02-11.wav,345108,03,01,1,neutral,1,normal,1,Kids are talking by the door,2,11,Actor_11,male,4
B:\Experiments\Project Peter\Data\Raw\Actor_11\03-01-01-01-02-01-11.wav,03-01-01-01-02-01-11.wav,354718,03,01,1,neutral,1,normal,2,Dogs are sitting by the door,1,11,Actor_11,male,4
B:\Experiments\Project Peter\Data\Raw\Actor_11\03-01-01-01-02-02-11.wav,03-01-01-01-02-02-11.wav,351520,03,01,1,neutral,1,normal,2,Dogs are sitting by the door,2,11,Actor_11,male,4
B:\Experiments\Project Peter\Data\Raw\Actor_11\03-01-02-01-01-01-11.wav,03-01-02-01-01-01-11.wav,361136,03,01,2,calm,1,normal,1,Kids are talking by the door,1,11,Actor_11,male,4
B:\Experiments\Project Peter\Data\Raw\Actor_11\03-01-02-01-01-02-11.wav,03-01-02-01-01-02-11.wav,367540,03,01,2,calm,1,normal,1,Kids are talking by the door,2,11,Actor_11,male,4
B:\Experiments\Project Peter\Data\Raw\Actor_11\03-01-02-02-01-01-11.wav,03-01-02-02-01-01-11.wav,415588,03,01,2,calm,2,strong,1,Kids are talking by the door,1,11,Actor_11,male,4
B:\Experiments\Project Peter\Data\Raw\Actor_11\03-01-02-02-01-02-11.wav,03-01-02-02-01-02-11.wav,405980,03,01,2,calm,2,strong,1,Kids are talking by the door,2,11,Actor_11,male,4
B:\Experiments\Project Peter\Data\Raw\Actor_11\03-01-02-01-02-01-11.wav,03-01-02-01-02-01-11.wav,367540,03,01,2,calm,1,normal,2,Dogs are sitting by the door,1,11,Actor_11,male,4
B:\Experiments\Project Peter\Data\Raw\Actor_11\03-01-02-01-02-02-11.wav,03-01-02-01-02-02-11.wav,399572,03,01,2,calm,1,normal,2,Dogs are sitting by the door,2,11,Actor_11,male,4
B:\Experiments\Project Peter\Data\Raw\Actor_11\03-01-02-02-02-01-11.wav,03-01-02-02-02-01-11.wav,409182,03,01,2,calm,2,strong,2,Dogs are sitting by the door,1,11,Actor_11,male,4
B:\Experiments\Project Peter\Data\Raw\Actor_11\03-01-02-02-02-02-11.wav,03-01-02-02-02-02-11.wav,415588,03,01,2,calm,2,strong,2,Dogs are sitting by the door,2,11,Actor_11,male,4
B:\Experiments\Project Peter\Data\Raw\Actor_11\03-01-03-01-01-01-11.wav,03-01-03-01-01-01-11.wav,345120,03,01,3,happy,1,normal,1,Kids are talking by the door,1,11,Actor_11,male,4
B:\Experiments\Project Peter\Data\Raw\Actor_11\03-01-03-01-01-02-11.wav,03-01-03-01-01-02-11.wav,353538,03,01,3,happy,1,normal,1,Kids are talking by the door,2,11,Actor_11,male,4
B:\Experiments\Project Peter\Data\Raw\Actor_11\03-01-03-02-01-01-11.wav,03-01-03-02-01-01-11.wav,434812,03,01,3,happy,2,strong,1,Kids are talking by the door,1,11,Actor_11,male,4
B:\Experiments\Project Peter\Data\Raw\Actor_11\03-01-03-02-01-02-11.wav,03-01-03-02-01-02-11.wav,396368,03,01,3,happy,2,strong,1,Kids are talking by the door,2,11,Actor_11,male,4
B:\Experiments\Project Peter\Data\Raw\Actor_11\03-01-03-01-02-01-11.wav,03-01-03-01-02-01-11.wav,351526,03,01,3,happy,1,normal,2,Dogs are sitting by the door,1,11,Actor_11,male,4
B:\Experiments\Project Peter\Data\Raw\Actor_11\03-01-03-01-02-02-11.wav,03-01-03-01-02-02-11.wav,357936,03,01,3,happy,1,normal,2,Dogs are sitting by the door,2,11,Actor_11,male,4
B:\Experiments\Project Peter\Data\Raw\Actor_11\03-01-03-02-02-01-11.wav,03-01-03-02-02-01-11.wav,418794,03,01,3,happy,2,strong,2,Dogs are sitting by the door,1,11,Actor_11,male,4
B:\Experiments\Project Peter\Data\Raw\Actor_11\03-01-03-02-02-02-11.wav,03-01-03-02-02-02-11.wav,383560,03,01,3,happy,2,strong,2,Dogs are sitting by the door,2,11,Actor_11,male,4
B:\Experiments\Project Peter\Data\Raw\Actor_11\03-01-04-01-01-01-11.wav,03-01-04-01-01-01-11.wav,367550,03,01,4,sad,1,normal,1,Kids are talking by the door,1,11,Actor_11,male,4
B:\Experiments\Project Peter\Data\Raw\Actor_11\03-01-04-01-01-02-11.wav,03-01-04-01-01-02-11.wav,393176,03,01,4,sad,1,normal,1,Kids are talking by the door,2,11,Actor_11,male,4
B:\Experiments\Project Peter\Data\Raw\Actor_11\03-01-04-02-01-01-11.wav,03-01-04-02-01-01-11.wav,367550,03,01,4,sad,2,strong,1,Kids are talking by the door,1,11,Actor_11,male,4
B:\Experiments\Project Peter\Data\Raw\Actor_11\03-01-04-02-01-02-11.wav,03-01-04-02-01-02-11.wav,393176,03,01,4,sad,2,strong,1,Kids are talking by the door,2,11,Actor_11,male,4
B:\Experiments\Project Peter\Data\Raw\Actor_11\03-01-04-01-02-01-11.wav,03-01-04-01-02-01-11.wav,386768,03,01,4,sad,1,normal,2,Dogs are sitting by the door,1,11,Actor_11,male,4
B:\Experiments\Project Peter\Data\Raw\Actor_11\03-01-04-01-02-02-11.wav,03-01-04-01-02-02-11.wav,377160,03,01,4,sad,1,normal,2,Dogs are sitting by the door,2,11,Actor_11,male,4
B:\Experiments\Project Peter\Data\Raw\Actor_11\03-01-04-02-02-01-11.wav,03-01-04-02-02-01-11.wav,370754,03,01,4,sad,2,strong,2,Dogs are sitting by the door,1,11,Actor_11,male,4
B:\Experiments\Project Peter\Data\Raw\Actor_11\03-01-04-02-02-02-11.wav,03-01-04-02-02-02-11.wav,367550,03,01,4,sad,2,strong,2,Dogs are sitting by the door,2,11,Actor_11,male,4
B:\Experiments\Project Peter\Data\Raw\Actor_11\03-01-05-01-01-01-11.wav,03-01-05-01-01-01-11.wav,393178,03,01,5,angry,1,normal,1,Kids are talking by the door,1,11,Actor_11,male,4
B:\Experiments\Project Peter\Data\Raw\Actor_11\03-01-05-01-01-02-11.wav,03-01-05-01-01-02-11.wav,380366,03,01,5,angry,1,normal,1,Kids are talking by the door,2,11,Actor_11,male,4
B:\Experiments\Project Peter\Data\Raw\Actor_11\03-01-05-02-01-01-11.wav,03-01-05-02-01-01-11.wav,386772,03,01,5,angry,2,strong,1,Kids are talking by the door,1,11,Actor_11,male,4
B:\Experiments\Project Peter\Data\Raw\Actor_11\03-01-05-02-01-02-11.wav,03-01-05-02-01-02-11.wav,428412,03,01,5,angry,2,strong,1,Kids are talking by the door,2,11,Actor_11,male,4
B:\Experiments\Project Peter\Data\Raw\Actor_11\03-01-05-01-02-01-11.wav,03-01-05-01-02-01-11.wav,380364,03,01,5,angry,1,normal,2,Dogs are sitting by the door,1,11,Actor_11,male,4
B:\Experiments\Project Peter\Data\Raw\Actor_11\03-01-05-01-02-02-11.wav,03-01-05-01-02-02-11.wav,405992,03,01,5,angry,1,normal,2,Dogs are sitting by the door,2,11,Actor_11,male,4
B:\Experiments\Project Peter\Data\Raw\Actor_11\03-01-05-02-02-01-11.wav,03-01-05-02-02-01-11.wav,425210,03,01,5,angry,2,strong,2,Dogs are sitting by the door,1,11,Actor_11,male,4
B:\Experiments\Project Peter\Data\Raw\Actor_11\03-01-05-02-02-02-11.wav,03-01-05-02-02-02-11.wav,409194,03,01,5,angry,2,strong,2,Dogs are sitting by the door,2,11,Actor_11,male,4
B:\Experiments\Project Peter\Data\Raw\Actor_11\03-01-06-01-01-01-11.wav,03-01-06-01-01-01-11.wav,380360,03,01,6,fearful,1,normal,1,Kids are talking by the door,1,11,Actor_11,male,4
B:\Experiments\Project Peter\Data\Raw\Actor_11\03-01-06-01-01-02-11.wav,03-01-06-01-01-02-11.wav,383564,03,01,6,fearful,1,normal,1,Kids are talking by the door,2,11,Actor_11,male,4
B:\Experiments\Project Peter\Data\Raw\Actor_11\03-01-06-02-01-01-11.wav,03-01-06-02-01-01-11.wav,354736,03,01,6,fearful,2,strong,1,Kids are talking by the door,1,11,Actor_11,male,4
B:\Experiments\Project Peter\Data\Raw\Actor_11\03-01-06-02-01-02-11.wav,03-01-06-02-01-02-11.wav,354736,03,01,6,fearful,2,strong,1,Kids are talking by the door,2,11,Actor_11,male,4
B:\Experiments\Project Peter\Data\Raw\Actor_11\03-01-06-01-02-01-11.wav,03-01-06-01-02-01-11.wav,351530,03,01,6,fearful,1,normal,2,Dogs are sitting by the door,1,11,Actor_11,male,4
B:\Experiments\Project Peter\Data\Raw\Actor_11\03-01-06-01-02-02-11.wav,03-01-06-01-02-02-11.wav,354734,03,01,6,fearful,1,normal,2,Dogs are sitting by the door,2,11,Actor_11,male,4
B:\Experiments\Project Peter\Data\Raw\Actor_11\03-01-06-02-02-01-11.wav,03-01-06-02-02-01-11.wav,341924,03,01,6,fearful,2,strong,2,Dogs are sitting by the door,1,11,Actor_11,male,4
B:\Experiments\Project Peter\Data\Raw\Actor_11\03-01-06-02-02-02-11.wav,03-01-06-02-02-02-11.wav,348328,03,01,6,fearful,2,strong,2,Dogs are sitting by the door,2,11,Actor_11,male,4
B:\Experiments\Project Peter\Data\Raw\Actor_11\03-01-07-01-01-01-11.wav,03-01-07-01-01-01-11.wav,399584,03,01,7,disgust,1,normal,1,Kids are talking by the door,1,11,Actor_11,male,4
B:\Experiments\Project Peter\Data\Raw\Actor_11\03-01-07-01-01-02-11.wav,03-01-07-01-01-02-11.wav,393178,03,01,7,disgust,1,normal,1,Kids are talking by the door,2,11,Actor_11,male,4
B:\Experiments\Project Peter\Data\Raw\Actor_11\03-01-07-02-01-01-11.wav,03-01-07-02-01-01-11.wav,412398,03,01,7,disgust,2,strong,1,Kids are talking by the door,1,11,Actor_11,male,4
B:\Experiments\Project Peter\Data\Raw\Actor_11\03-01-07-02-01-02-11.wav,03-01-07-02-01-02-11.wav,412398,03,01,7,disgust,2,strong,1,Kids are talking by the door,2,11,Actor_11,male,4
B:\Experiments\Project Peter\Data\Raw\Actor_11\03-01-07-01-02-01-11.wav,03-01-07-01-02-01-11.wav,380364,03,01,7,disgust,1,normal,2,Dogs are sitting by the door,1,11,Actor_11,male,4
B:\Experiments\Project Peter\Data\Raw\Actor_11\03-01-07-01-02-02-11.wav,03-01-07-01-02-02-11.wav,399584,03,01,7,disgust,1,normal,2,Dogs are sitting by the door,2,11,Actor_11,male,4
B:\Experiments\Project Peter\Data\Raw\Actor_11\03-01-07-02-02-01-11.wav,03-01-07-02-02-01-11.wav,405990,03,01,7,disgust,2,strong,2,Dogs are sitting by the door,1,11,Actor_11,male,4
B:\Experiments\Project Peter\Data\Raw\Actor_11\03-01-07-02-02-02-11.wav,03-01-07-02-02-02-11.wav,406668,03,01,7,disgust,2,strong,2,Dogs are sitting by the door,2,11,Actor_11,male,4
B:\Experiments\Project Peter\Data\Raw\Actor_11\03-01-08-01-01-01-11.wav,03-01-08-01-01-01-11.wav,341912,03,01,8,surprised,1,normal,1,Kids are talking by the door,1,11,Actor_11,male,4
B:\Experiments\Project Peter\Data\Raw\Actor_11\03-01-08-01-01-02-11.wav,03-01-08-01-01-02-11.wav,348332,03,01,8,surprised,1,normal,1,Kids are talking by the door,2,11,Actor_11,male,4
B:\Experiments\Project Peter\Data\Raw\Actor_11\03-01-08-02-01-01-11.wav,03-01-08-02-01-01-11.wav,341926,03,01,8,surprised,2,strong,1,Kids are talking by the door,1,11,Actor_11,male,4
B:\Experiments\Project Peter\Data\Raw\Actor_11\03-01-08-02-01-02-11.wav,03-01-08-02-01-02-11.wav,345130,03,01,8,surprised,2,strong,1,Kids are talking by the door,2,11,Actor_11,male,4
B:\Experiments\Project Peter\Data\Raw\Actor_11\03-01-08-01-02-01-11.wav,03-01-08-01-02-01-11.wav,351536,03,01,8,surprised,1,normal,2,Dogs are sitting by the door,1,11,Actor_11,male,4
B:\Experiments\Project Peter\Data\Raw\Actor_11\03-01-08-01-02-02-11.wav,03-01-08-01-02-02-11.wav,332316,03,01,8,surprised,1,normal,2,Dogs are sitting by the door,2,11,Actor_11,male,4
B:\Experiments\Project Peter\Data\Raw\Actor_11\03-01-08-02-02-01-11.wav,03-01-08-02-02-01-11.wav,341926,03,01,8,surprised,2,strong,2,Dogs are sitting by the door,1,11,Actor_11,male,4
B:\Experiments\Project Peter\Data\Raw\Actor_11\03-01-08-02-02-02-11.wav,03-01-08-02-02-02-11.wav,343942,03,01,8,surprised,2,strong,2,Dogs are sitting by the door,2,11,Actor_11,male,4
B:\Experiments\Project Peter\Data\Raw\Actor_12\03-01-01-01-01-01-12.wav,03-01-01-01-01-01-12.wav,396518,03,01,1,neutral,1,normal,1,Kids are talking by the door,1,12,Actor_12,female,3
B:\Experiments\Project Peter\Data\Raw\Actor_12\03-01-01-01-01-02-12.wav,03-01-01-01-01-02-12.wav,386910,03,01,1,neutral,1,normal,1,Kids are talking by the door,2,12,Actor_12,female,3
B:\Experiments\Project Peter\Data\Raw\Actor_12\03-01-01-01-02-01-12.wav,03-01-01-01-02-01-12.wav,393126,03,01,1,neutral,1,normal,2,Dogs are sitting by the door,1,12,Actor_12,female,3
B:\Experiments\Project Peter\Data\Raw\Actor_12\03-01-01-01-02-02-12.wav,03-01-01-01-02-02-12.wav,396512,03,01,1,neutral,1,normal,2,Dogs are sitting by the door,2,12,Actor_12,female,3
B:\Experiments\Project Peter\Data\Raw\Actor_12\03-01-02-01-01-01-12.wav,03-01-02-01-01-01-12.wav,418940,03,01,2,calm,1,normal,1,Kids are talking by the door,1,12,Actor_12,female,3
B:\Experiments\Project Peter\Data\Raw\Actor_12\03-01-02-01-01-02-12.wav,03-01-02-01-01-02-12.wav,409330,03,01,2,calm,1,normal,1,Kids are talking by the door,2,12,Actor_12,female,3
B:\Experiments\Project Peter\Data\Raw\Actor_12\03-01-02-02-01-01-12.wav,03-01-02-02-01-01-12.wav,428548,03,01,2,calm,2,strong,1,Kids are talking by the door,1,12,Actor_12,female,3
B:\Experiments\Project Peter\Data\Raw\Actor_12\03-01-02-02-01-02-12.wav,03-01-02-02-01-02-12.wav,409330,03,01,2,calm,2,strong,1,Kids are talking by the door,2,12,Actor_12,female,3
B:\Experiments\Project Peter\Data\Raw\Actor_12\03-01-02-01-02-01-12.wav,03-01-02-01-02-01-12.wav,409326,03,01,2,calm,1,normal,2,Dogs are sitting by the door,1,12,Actor_12,female,3
B:\Experiments\Project Peter\Data\Raw\Actor_12\03-01-02-01-02-02-12.wav,03-01-02-01-02-02-12.wav,399718,03,01,2,calm,1,normal,2,Dogs are sitting by the door,2,12,Actor_12,female,3
B:\Experiments\Project Peter\Data\Raw\Actor_12\03-01-02-02-02-01-12.wav,03-01-02-02-02-01-12.wav,406128,03,01,2,calm,2,strong,2,Dogs are sitting by the door,1,12,Actor_12,female,3
B:\Experiments\Project Peter\Data\Raw\Actor_12\03-01-02-02-02-02-12.wav,03-01-02-02-02-02-12.wav,412534,03,01,2,calm,2,strong,2,Dogs are sitting by the door,2,12,Actor_12,female,3
B:\Experiments\Project Peter\Data\Raw\Actor_12\03-01-03-01-01-01-12.wav,03-01-03-01-01-01-12.wav,402924,03,01,3,happy,1,normal,1,Kids are talking by the door,1,12,Actor_12,female,3
B:\Experiments\Project Peter\Data\Raw\Actor_12\03-01-03-01-01-02-12.wav,03-01-03-01-01-02-12.wav,406126,03,01,3,happy,1,normal,1,Kids are talking by the door,2,12,Actor_12,female,3
B:\Experiments\Project Peter\Data\Raw\Actor_12\03-01-03-02-01-01-12.wav,03-01-03-02-01-01-12.wav,450982,03,01,3,happy,2,strong,1,Kids are talking by the door,1,12,Actor_12,female,3
B:\Experiments\Project Peter\Data\Raw\Actor_12\03-01-03-02-01-02-12.wav,03-01-03-02-01-02-12.wav,444574,03,01,3,happy,2,strong,1,Kids are talking by the door,2,12,Actor_12,female,3
B:\Experiments\Project Peter\Data\Raw\Actor_12\03-01-03-01-02-01-12.wav,03-01-03-01-02-01-12.wav,383704,03,01,3,happy,1,normal,2,Dogs are sitting by the door,1,12,Actor_12,female,3
B:\Experiments\Project Peter\Data\Raw\Actor_12\03-01-03-01-02-02-12.wav,03-01-03-01-02-02-12.wav,406128,03,01,3,happy,1,normal,2,Dogs are sitting by the door,2,12,Actor_12,female,3
B:\Experiments\Project Peter\Data\Raw\Actor_12\03-01-03-02-02-01-12.wav,03-01-03-02-02-01-12.wav,422144,03,01,3,happy,2,strong,2,Dogs are sitting by the door,1,12,Actor_12,female,3
B:\Experiments\Project Peter\Data\Raw\Actor_12\03-01-03-02-02-02-12.wav,03-01-03-02-02-02-12.wav,428558,03,01,3,happy,2,strong,2,Dogs are sitting by the door,2,12,Actor_12,female,3
B:\Experiments\Project Peter\Data\Raw\Actor_12\03-01-04-01-01-01-12.wav,03-01-04-01-01-01-12.wav,399728,03,01,4,sad,1,normal,1,Kids are talking by the door,1,12,Actor_12,female,3
B:\Experiments\Project Peter\Data\Raw\Actor_12\03-01-04-01-01-02-12.wav,03-01-04-01-01-02-12.wav,393320,03,01,4,sad,1,normal,1,Kids are talking by the door,2,12,Actor_12,female,3
B:\Experiments\Project Peter\Data\Raw\Actor_12\03-01-04-02-01-01-12.wav,03-01-04-02-01-01-12.wav,418946,03,01,4,sad,2,strong,1,Kids are talking by the door,1,12,Actor_12,female,3
B:\Experiments\Project Peter\Data\Raw\Actor_12\03-01-04-02-01-02-12.wav,03-01-04-02-01-02-12.wav,409338,03,01,4,sad,2,strong,1,Kids are talking by the door,2,12,Actor_12,female,3
B:\Experiments\Project Peter\Data\Raw\Actor_12\03-01-04-01-02-01-12.wav,03-01-04-01-02-01-12.wav,399728,03,01,4,sad,1,normal,2,Dogs are sitting by the door,1,12,Actor_12,female,3
B:\Experiments\Project Peter\Data\Raw\Actor_12\03-01-04-01-02-02-12.wav,03-01-04-01-02-02-12.wav,390118,03,01,4,sad,1,normal,2,Dogs are sitting by the door,2,12,Actor_12,female,3
B:\Experiments\Project Peter\Data\Raw\Actor_12\03-01-04-02-02-01-12.wav,03-01-04-02-02-01-12.wav,412540,03,01,4,sad,2,strong,2,Dogs are sitting by the door,1,12,Actor_12,female,3
B:\Experiments\Project Peter\Data\Raw\Actor_12\03-01-04-02-02-02-12.wav,03-01-04-02-02-02-12.wav,418948,03,01,4,sad,2,strong,2,Dogs are sitting by the door,2,12,Actor_12,female,3
B:\Experiments\Project Peter\Data\Raw\Actor_12\03-01-05-01-01-01-12.wav,03-01-05-01-01-01-12.wav,457388,03,01,5,angry,1,normal,1,Kids are talking by the door,1,12,Actor_12,female,3
B:\Experiments\Project Peter\Data\Raw\Actor_12\03-01-05-01-01-02-12.wav,03-01-05-01-01-02-12.wav,428558,03,01,5,angry,1,normal,1,Kids are talking by the door,2,12,Actor_12,female,3
B:\Experiments\Project Peter\Data\Raw\Actor_12\03-01-05-02-01-01-12.wav,03-01-05-02-01-01-12.wav,396526,03,01,5,angry,2,strong,1,Kids are talking by the door,1,12,Actor_12,female,3
B:\Experiments\Project Peter\Data\Raw\Actor_12\03-01-05-02-01-02-12.wav,03-01-05-02-01-02-12.wav,399730,03,01,5,angry,2,strong,1,Kids are talking by the door,2,12,Actor_12,female,3
B:\Experiments\Project Peter\Data\Raw\Actor_12\03-01-05-01-02-01-12.wav,03-01-05-01-02-01-12.wav,406138,03,01,5,angry,1,normal,2,Dogs are sitting by the door,1,12,Actor_12,female,3
B:\Experiments\Project Peter\Data\Raw\Actor_12\03-01-05-01-02-02-12.wav,03-01-05-01-02-02-12.wav,444574,03,01,5,angry,1,normal,2,Dogs are sitting by the door,2,12,Actor_12,female,3
B:\Experiments\Project Peter\Data\Raw\Actor_12\03-01-05-02-02-01-12.wav,03-01-05-02-02-01-12.wav,412544,03,01,5,angry,2,strong,2,Dogs are sitting by the door,1,12,Actor_12,female,3
B:\Experiments\Project Peter\Data\Raw\Actor_12\03-01-05-02-02-02-12.wav,03-01-05-02-02-02-12.wav,415746,03,01,5,angry,2,strong,2,Dogs are sitting by the door,2,12,Actor_12,female,3
B:\Experiments\Project Peter\Data\Raw\Actor_12\03-01-06-01-01-01-12.wav,03-01-06-01-01-01-12.wav,374104,03,01,6,fearful,1,normal,1,Kids are talking by the door,1,12,Actor_12,female,3
B:\Experiments\Project Peter\Data\Raw\Actor_12\03-01-06-01-01-02-12.wav,03-01-06-01-01-02-12.wav,383712,03,01,6,fearful,1,normal,1,Kids are talking by the door,2,12,Actor_12,female,3
B:\Experiments\Project Peter\Data\Raw\Actor_12\03-01-06-02-01-01-12.wav,03-01-06-02-01-01-12.wav,406134,03,01,6,fearful,2,strong,1,Kids are talking by the door,1,12,Actor_12,female,3
B:\Experiments\Project Peter\Data\Raw\Actor_12\03-01-06-02-01-02-12.wav,03-01-06-02-01-02-12.wav,402930,03,01,6,fearful,2,strong,1,Kids are talking by the door,2,12,Actor_12,female,3
B:\Experiments\Project Peter\Data\Raw\Actor_12\03-01-06-01-02-01-12.wav,03-01-06-01-02-01-12.wav,370900,03,01,6,fearful,1,normal,2,Dogs are sitting by the door,1,12,Actor_12,female,3
B:\Experiments\Project Peter\Data\Raw\Actor_12\03-01-06-01-02-02-12.wav,03-01-06-01-02-02-12.wav,354886,03,01,6,fearful,1,normal,2,Dogs are sitting by the door,2,12,Actor_12,female,3
B:\Experiments\Project Peter\Data\Raw\Actor_12\03-01-06-02-02-01-12.wav,03-01-06-02-02-01-12.wav,380510,03,01,6,fearful,2,strong,2,Dogs are sitting by the door,1,12,Actor_12,female,3
B:\Experiments\Project Peter\Data\Raw\Actor_12\03-01-06-02-02-02-12.wav,03-01-06-02-02-02-12.wav,399728,03,01,6,fearful,2,strong,2,Dogs are sitting by the door,2,12,Actor_12,female,3
B:\Experiments\Project Peter\Data\Raw\Actor_12\03-01-07-01-01-01-12.wav,03-01-07-01-01-01-12.wav,406132,03,01,7,disgust,1,normal,1,Kids are talking by the door,1,12,Actor_12,female,3
B:\Experiments\Project Peter\Data\Raw\Actor_12\03-01-07-01-01-02-12.wav,03-01-07-01-01-02-12.wav,402930,03,01,7,disgust,1,normal,1,Kids are talking by the door,2,12,Actor_12,female,3
B:\Experiments\Project Peter\Data\Raw\Actor_12\03-01-07-02-01-01-12.wav,03-01-07-02-01-01-12.wav,428556,03,01,7,disgust,2,strong,1,Kids are talking by the door,1,12,Actor_12,female,3
B:\Experiments\Project Peter\Data\Raw\Actor_12\03-01-07-02-01-02-12.wav,03-01-07-02-01-02-12.wav,483008,03,01,7,disgust,2,strong,1,Kids are talking by the door,2,12,Actor_12,female,3
B:\Experiments\Project Peter\Data\Raw\Actor_12\03-01-07-01-02-01-12.wav,03-01-07-01-02-01-12.wav,393320,03,01,7,disgust,1,normal,2,Dogs are sitting by the door,1,12,Actor_12,female,3
B:\Experiments\Project Peter\Data\Raw\Actor_12\03-01-07-01-02-02-12.wav,03-01-07-01-02-02-12.wav,402930,03,01,7,disgust,1,normal,2,Dogs are sitting by the door,2,12,Actor_12,female,3
B:\Experiments\Project Peter\Data\Raw\Actor_12\03-01-07-02-02-01-12.wav,03-01-07-02-02-01-12.wav,450978,03,01,7,disgust,2,strong,2,Dogs are sitting by the door,1,12,Actor_12,female,3
B:\Experiments\Project Peter\Data\Raw\Actor_12\03-01-07-02-02-02-12.wav,03-01-07-02-02-02-12.wav,428556,03,01,7,disgust,2,strong,2,Dogs are sitting by the door,2,12,Actor_12,female,3
B:\Experiments\Project Peter\Data\Raw\Actor_12\03-01-08-01-01-01-12.wav,03-01-08-01-01-01-12.wav,386918,03,01,8,surprised,1,normal,1,Kids are talking by the door,1,12,Actor_12,female,3
B:\Experiments\Project Peter\Data\Raw\Actor_12\03-01-08-01-01-02-12.wav,03-01-08-01-01-02-12.wav,396526,03,01,8,surprised,1,normal,1,Kids are talking by the door,2,12,Actor_12,female,3
B:\Experiments\Project Peter\Data\Raw\Actor_12\03-01-08-02-01-01-12.wav,03-01-08-02-01-01-12.wav,402932,03,01,8,surprised,2,strong,1,Kids are talking by the door,1,12,Actor_12,female,3
B:\Experiments\Project Peter\Data\Raw\Actor_12\03-01-08-02-01-02-12.wav,03-01-08-02-01-02-12.wav,406136,03,01,8,surprised,2,strong,1,Kids are talking by the door,2,12,Actor_12,female,3
B:\Experiments\Project Peter\Data\Raw\Actor_12\03-01-08-01-02-01-12.wav,03-01-08-01-02-01-12.wav,383714,03,01,8,surprised,1,normal,2,Dogs are sitting by the door,1,12,Actor_12,female,3
B:\Experiments\Project Peter\Data\Raw\Actor_12\03-01-08-01-02-02-12.wav,03-01-08-01-02-02-12.wav,393324,03,01,8,surprised,1,normal,2,Dogs are sitting by the door,2,12,Actor_12,female,3
B:\Experiments\Project Peter\Data\Raw\Actor_12\03-01-08-02-02-01-12.wav,03-01-08-02-02-01-12.wav,406128,03,01,8,surprised,2,strong,2,Dogs are sitting by the door,1,12,Actor_12,female,3
B:\Experiments\Project Peter\Data\Raw\Actor_12\03-01-08-02-02-02-12.wav,03-01-08-02-02-02-12.wav,399730,03,01,8,surprised,2,strong,2,Dogs are sitting by the door,2,12,Actor_12,female,3
B:\Experiments\Project Peter\Data\Raw\Actor_13\03-01-01-01-01-01-13.wav,03-01-01-01-01-01-13.wav,353474,03,01,1,neutral,1,normal,1,Kids are talking by the door,1,13,Actor_13,male,1
B:\Experiments\Project Peter\Data\Raw\Actor_13\03-01-01-01-01-02-13.wav,03-01-01-01-01-02-13.wav,356852,03,01,1,neutral,1,normal,1,Kids are talking by the door,2,13,Actor_13,male,1
B:\Experiments\Project Peter\Data\Raw\Actor_13\03-01-01-01-02-01-13.wav,03-01-01-01-02-01-13.wav,344040,03,01,1,neutral,1,normal,2,Dogs are sitting by the door,1,13,Actor_13,male,1
B:\Experiments\Project Peter\Data\Raw\Actor_13\03-01-01-01-02-02-13.wav,03-01-01-01-02-02-13.wav,350452,03,01,1,neutral,1,normal,2,Dogs are sitting by the door,2,13,Actor_13,male,1
B:\Experiments\Project Peter\Data\Raw\Actor_13\03-01-02-01-01-01-13.wav,03-01-02-01-01-01-13.wav,366500,03,01,2,calm,1,normal,1,Kids are talking by the door,1,13,Actor_13,male,1
B:\Experiments\Project Peter\Data\Raw\Actor_13\03-01-02-01-01-02-13.wav,03-01-02-01-01-02-13.wav,353688,03,01,2,calm,1,normal,1,Kids are talking by the door,2,13,Actor_13,male,1
B:\Experiments\Project Peter\Data\Raw\Actor_13\03-01-02-02-01-01-13.wav,03-01-02-02-01-01-13.wav,350484,03,01,2,calm,2,strong,1,Kids are talking by the door,1,13,Actor_13,male,1
B:\Experiments\Project Peter\Data\Raw\Actor_13\03-01-02-02-01-02-13.wav,03-01-02-02-01-02-13.wav,356892,03,01,2,calm,2,strong,1,Kids are talking by the door,2,13,Actor_13,male,1
B:\Experiments\Project Peter\Data\Raw\Actor_13\03-01-02-01-02-01-13.wav,03-01-02-01-02-01-13.wav,350484,03,01,2,calm,1,normal,2,Dogs are sitting by the door,1,13,Actor_13,male,1
B:\Experiments\Project Peter\Data\Raw\Actor_13\03-01-02-01-02-02-13.wav,03-01-02-01-02-02-13.wav,331264,03,01,2,calm,1,normal,2,Dogs are sitting by the door,2,13,Actor_13,male,1
B:\Experiments\Project Peter\Data\Raw\Actor_13\03-01-02-02-02-01-13.wav,03-01-02-02-02-01-13.wav,337672,03,01,2,calm,2,strong,2,Dogs are sitting by the door,1,13,Actor_13,male,1
B:\Experiments\Project Peter\Data\Raw\Actor_13\03-01-02-02-02-02-13.wav,03-01-02-02-02-02-13.wav,340874,03,01,2,calm,2,strong,2,Dogs are sitting by the door,2,13,Actor_13,male,1
B:\Experiments\Project Peter\Data\Raw\Actor_13\03-01-03-01-01-01-13.wav,03-01-03-01-01-01-13.wav,360094,03,01,3,happy,1,normal,1,Kids are talking by the door,1,13,Actor_13,male,1
B:\Experiments\Project Peter\Data\Raw\Actor_13\03-01-03-01-01-02-13.wav,03-01-03-01-01-02-13.wav,356892,03,01,3,happy,1,normal,1,Kids are talking by the door,2,13,Actor_13,male,1
B:\Experiments\Project Peter\Data\Raw\Actor_13\03-01-03-02-01-01-13.wav,03-01-03-02-01-01-13.wav,379314,03,01,3,happy,2,strong,1,Kids are talking by the door,1,13,Actor_13,male,1
B:\Experiments\Project Peter\Data\Raw\Actor_13\03-01-03-02-01-02-13.wav,03-01-03-02-01-02-13.wav,395322,03,01,3,happy,2,strong,1,Kids are talking by the door,2,13,Actor_13,male,1
B:\Experiments\Project Peter\Data\Raw\Actor_13\03-01-03-01-02-01-13.wav,03-01-03-01-02-01-13.wav,350486,03,01,3,happy,1,normal,2,Dogs are sitting by the door,1,13,Actor_13,male,1
B:\Experiments\Project Peter\Data\Raw\Actor_13\03-01-03-01-02-02-13.wav,03-01-03-01-02-02-13.wav,356892,03,01,3,happy,1,normal,2,Dogs are sitting by the door,2,13,Actor_13,male,1
B:\Experiments\Project Peter\Data\Raw\Actor_13\03-01-03-02-02-01-13.wav,03-01-03-02-02-01-13.wav,372904,03,01,3,happy,2,strong,2,Dogs are sitting by the door,1,13,Actor_13,male,1
B:\Experiments\Project Peter\Data\Raw\Actor_13\03-01-03-02-02-02-13.wav,03-01-03-02-02-02-13.wav,369702,03,01,3,happy,2,strong,2,Dogs are sitting by the door,2,13,Actor_13,male,1
B:\Experiments\Project Peter\Data\Raw\Actor_13\03-01-04-01-01-01-13.wav,03-01-04-01-01-01-13.wav,392092,03,01,4,sad,1,normal,1,Kids are talking by the door,1,13,Actor_13,male,1
B:\Experiments\Project Peter\Data\Raw\Actor_13\03-01-04-01-01-02-13.wav,03-01-04-01-01-02-13.wav,388888,03,01,4,sad,1,normal,1,Kids are talking by the door,2,13,Actor_13,male,1
B:\Experiments\Project Peter\Data\Raw\Actor_13\03-01-04-02-01-01-13.wav,03-01-04-02-01-01-13.wav,369670,03,01,4,sad,2,strong,1,Kids are talking by the door,1,13,Actor_13,male,1
B:\Experiments\Project Peter\Data\Raw\Actor_13\03-01-04-02-01-02-13.wav,03-01-04-02-01-02-13.wav,366466,03,01,4,sad,2,strong,1,Kids are talking by the door,2,13,Actor_13,male,1
B:\Experiments\Project Peter\Data\Raw\Actor_13\03-01-04-01-02-01-13.wav,03-01-04-01-02-01-13.wav,379284,03,01,4,sad,1,normal,2,Dogs are sitting by the door,1,13,Actor_13,male,1
B:\Experiments\Project Peter\Data\Raw\Actor_13\03-01-04-01-02-02-13.wav,03-01-04-01-02-02-13.wav,372878,03,01,4,sad,1,normal,2,Dogs are sitting by the door,2,13,Actor_13,male,1
B:\Experiments\Project Peter\Data\Raw\Actor_13\03-01-04-02-02-01-13.wav,03-01-04-02-02-01-13.wav,379280,03,01,4,sad,2,strong,2,Dogs are sitting by the door,1,13,Actor_13,male,1
B:\Experiments\Project Peter\Data\Raw\Actor_13\03-01-04-02-02-02-13.wav,03-01-04-02-02-02-13.wav,356856,03,01,4,sad,2,strong,2,Dogs are sitting by the door,2,13,Actor_13,male,1
B:\Experiments\Project Peter\Data\Raw\Actor_13\03-01-05-01-01-01-13.wav,03-01-05-01-01-01-13.wav,379290,03,01,5,angry,1,normal,1,Kids are talking by the door,1,13,Actor_13,male,1
B:\Experiments\Project Peter\Data\Raw\Actor_13\03-01-05-01-01-02-13.wav,03-01-05-01-01-02-13.wav,388898,03,01,5,angry,1,normal,1,Kids are talking by the door,2,13,Actor_13,male,1
B:\Experiments\Project Peter\Data\Raw\Actor_13\03-01-05-02-01-01-13.wav,03-01-05-02-01-01-13.wav,401712,03,01,5,angry,2,strong,1,Kids are talking by the door,1,13,Actor_13,male,1
B:\Experiments\Project Peter\Data\Raw\Actor_13\03-01-05-02-01-02-13.wav,03-01-05-02-01-02-13.wav,459370,03,01,5,angry,2,strong,1,Kids are talking by the door,2,13,Actor_13,male,1
B:\Experiments\Project Peter\Data\Raw\Actor_13\03-01-05-01-02-01-13.wav,03-01-05-01-02-01-13.wav,395306,03,01,5,angry,1,normal,2,Dogs are sitting by the door,1,13,Actor_13,male,1
B:\Experiments\Project Peter\Data\Raw\Actor_13\03-01-05-01-02-02-13.wav,03-01-05-01-02-02-13.wav,372882,03,01,5,angry,1,normal,2,Dogs are sitting by the door,2,13,Actor_13,male,1
B:\Experiments\Project Peter\Data\Raw\Actor_13\03-01-05-02-02-01-13.wav,03-01-05-02-02-01-13.wav,392096,03,01,5,angry,2,strong,2,Dogs are sitting by the door,1,13,Actor_13,male,1
B:\Experiments\Project Peter\Data\Raw\Actor_13\03-01-05-02-02-02-13.wav,03-01-05-02-02-02-13.wav,449760,03,01,5,angry,2,strong,2,Dogs are sitting by the door,2,13,Actor_13,male,1
B:\Experiments\Project Peter\Data\Raw\Actor_13\03-01-06-01-01-01-13.wav,03-01-06-01-01-01-13.wav,350464,03,01,6,fearful,1,normal,1,Kids are talking by the door,1,13,Actor_13,male,1
B:\Experiments\Project Peter\Data\Raw\Actor_13\03-01-06-01-01-02-13.wav,03-01-06-01-01-02-13.wav,353656,03,01,6,fearful,1,normal,1,Kids are talking by the door,2,13,Actor_13,male,1
B:\Experiments\Project Peter\Data\Raw\Actor_13\03-01-06-02-01-01-13.wav,03-01-06-02-01-01-13.wav,372882,03,01,6,fearful,2,strong,1,Kids are talking by the door,1,13,Actor_13,male,1
B:\Experiments\Project Peter\Data\Raw\Actor_13\03-01-06-02-01-02-13.wav,03-01-06-02-01-02-13.wav,363272,03,01,6,fearful,2,strong,1,Kids are talking by the door,2,13,Actor_13,male,1
B:\Experiments\Project Peter\Data\Raw\Actor_13\03-01-06-01-02-01-13.wav,03-01-06-01-02-01-13.wav,356870,03,01,6,fearful,1,normal,2,Dogs are sitting by the door,1,13,Actor_13,male,1
B:\Experiments\Project Peter\Data\Raw\Actor_13\03-01-06-01-02-02-13.wav,03-01-06-01-02-02-13.wav,360068,03,01,6,fearful,1,normal,2,Dogs are sitting by the door,2,13,Actor_13,male,1
B:\Experiments\Project Peter\Data\Raw\Actor_13\03-01-06-02-02-01-13.wav,03-01-06-02-02-01-13.wav,385694,03,01,6,fearful,2,strong,2,Dogs are sitting by the door,1,13,Actor_13,male,1
B:\Experiments\Project Peter\Data\Raw\Actor_13\03-01-06-02-02-02-13.wav,03-01-06-02-02-02-13.wav,356866,03,01,6,fearful,2,strong,2,Dogs are sitting by the door,2,13,Actor_13,male,1
B:\Experiments\Project Peter\Data\Raw\Actor_13\03-01-07-01-01-01-13.wav,03-01-07-01-01-01-13.wav,350458,03,01,7,disgust,1,normal,1,Kids are talking by the door,1,13,Actor_13,male,1
B:\Experiments\Project Peter\Data\Raw\Actor_13\03-01-07-01-01-02-13.wav,03-01-07-01-01-02-13.wav,353662,03,01,7,disgust,1,normal,1,Kids are talking by the door,2,13,Actor_13,male,1
B:\Experiments\Project Peter\Data\Raw\Actor_13\03-01-07-02-01-01-13.wav,03-01-07-02-01-01-13.wav,376088,03,01,7,disgust,2,strong,1,Kids are talking by the door,1,13,Actor_13,male,1
B:\Experiments\Project Peter\Data\Raw\Actor_13\03-01-07-02-01-02-13.wav,03-01-07-02-01-02-13.wav,404916,03,01,7,disgust,2,strong,1,Kids are talking by the door,2,13,Actor_13,male,1
B:\Experiments\Project Peter\Data\Raw\Actor_13\03-01-07-01-02-01-13.wav,03-01-07-01-02-01-13.wav,363272,03,01,7,disgust,1,normal,2,Dogs are sitting by the door,1,13,Actor_13,male,1
B:\Experiments\Project Peter\Data\Raw\Actor_13\03-01-07-01-02-02-13.wav,03-01-07-01-02-02-13.wav,360068,03,01,7,disgust,1,normal,2,Dogs are sitting by the door,2,13,Actor_13,male,1
B:\Experiments\Project Peter\Data\Raw\Actor_13\03-01-07-02-02-01-13.wav,03-01-07-02-02-01-13.wav,376110,03,01,7,disgust,2,strong,2,Dogs are sitting by the door,1,13,Actor_13,male,1
B:\Experiments\Project Peter\Data\Raw\Actor_13\03-01-07-02-02-02-13.wav,03-01-07-02-02-02-13.wav,379308,03,01,7,disgust,2,strong,2,Dogs are sitting by the door,2,13,Actor_13,male,1
B:\Experiments\Project Peter\Data\Raw\Actor_13\03-01-08-01-01-01-13.wav,03-01-08-01-01-01-13.wav,376084,03,01,8,surprised,1,normal,1,Kids are talking by the door,1,13,Actor_13,male,1
B:\Experiments\Project Peter\Data\Raw\Actor_13\03-01-08-01-01-02-13.wav,03-01-08-01-01-02-13.wav,350482,03,01,8,surprised,1,normal,1,Kids are talking by the door,2,13,Actor_13,male,1
B:\Experiments\Project Peter\Data\Raw\Actor_13\03-01-08-02-01-01-13.wav,03-01-08-02-01-01-13.wav,369680,03,01,8,surprised,2,strong,1,Kids are talking by the door,1,13,Actor_13,male,1
B:\Experiments\Project Peter\Data\Raw\Actor_13\03-01-08-02-01-02-13.wav,03-01-08-02-01-02-13.wav,366498,03,01,8,surprised,2,strong,1,Kids are talking by the door,2,13,Actor_13,male,1
B:\Experiments\Project Peter\Data\Raw\Actor_13\03-01-08-01-02-01-13.wav,03-01-08-01-02-01-13.wav,350484,03,01,8,surprised,1,normal,2,Dogs are sitting by the door,1,13,Actor_13,male,1
B:\Experiments\Project Peter\Data\Raw\Actor_13\03-01-08-01-02-02-13.wav,03-01-08-01-02-02-13.wav,340874,03,01,8,surprised,1,normal,2,Dogs are sitting by the door,2,13,Actor_13,male,1
B:\Experiments\Project Peter\Data\Raw\Actor_13\03-01-08-02-02-01-13.wav,03-01-08-02-02-01-13.wav,369702,03,01,8,surprised,2,strong,2,Dogs are sitting by the door,1,13,Actor_13,male,1
B:\Experiments\Project Peter\Data\Raw\Actor_13\03-01-08-02-02-02-13.wav,03-01-08-02-02-02-13.wav,365308,03,01,8,surprised,2,strong,2,Dogs are sitting by the door,2,13,Actor_13,male,1
B:\Experiments\Project Peter\Data\Raw\Actor_14\03-01-01-01-01-01-14.wav,03-01-01-01-01-01-14.wav,394090,03,01,1,neutral,1,normal,1,Kids are talking by the door,1,14,Actor_14,female,1
B:\Experiments\Project Peter\Data\Raw\Actor_14\03-01-01-01-01-02-14.wav,03-01-01-01-01-02-14.wav,381282,03,01,1,neutral,1,normal,1,Kids are talking by the door,2,14,Actor_14,female,1
B:\Experiments\Project Peter\Data\Raw\Actor_14\03-01-01-01-02-01-14.wav,03-01-01-01-02-01-14.wav,393890,03,01,1,neutral,1,normal,2,Dogs are sitting by the door,1,14,Actor_14,female,1
B:\Experiments\Project Peter\Data\Raw\Actor_14\03-01-01-01-02-02-14.wav,03-01-01-01-02-02-14.wav,403700,03,01,1,neutral,1,normal,2,Dogs are sitting by the door,2,14,Actor_14,female,1
B:\Experiments\Project Peter\Data\Raw\Actor_14\03-01-02-01-01-01-14.wav,03-01-02-01-01-01-14.wav,419754,03,01,2,calm,1,normal,1,Kids are talking by the door,1,14,Actor_14,female,1
B:\Experiments\Project Peter\Data\Raw\Actor_14\03-01-02-01-01-02-14.wav,03-01-02-01-01-02-14.wav,403738,03,01,2,calm,1,normal,1,Kids are talking by the door,2,14,Actor_14,female,1
B:\Experiments\Project Peter\Data\Raw\Actor_14\03-01-02-02-01-01-14.wav,03-01-02-02-01-01-14.wav,432538,03,01,2,calm,2,strong,1,Kids are talking by the door,1,14,Actor_14,female,1
B:\Experiments\Project Peter\Data\Raw\Actor_14\03-01-02-02-01-02-14.wav,03-01-02-02-01-02-14.wav,435770,03,01,2,calm,2,strong,1,Kids are talking by the door,2,14,Actor_14,female,1
B:\Experiments\Project Peter\Data\Raw\Actor_14\03-01-02-01-02-01-14.wav,03-01-02-01-02-01-14.wav,387724,03,01,2,calm,1,normal,2,Dogs are sitting by the door,1,14,Actor_14,female,1
B:\Experiments\Project Peter\Data\Raw\Actor_14\03-01-02-01-02-02-14.wav,03-01-02-01-02-02-14.wav,397332,03,01,2,calm,1,normal,2,Dogs are sitting by the door,2,14,Actor_14,female,1
B:\Experiments\Project Peter\Data\Raw\Actor_14\03-01-02-02-02-01-14.wav,03-01-02-02-02-01-14.wav,419754,03,01,2,calm,2,strong,2,Dogs are sitting by the door,1,14,Actor_14,female,1
B:\Experiments\Project Peter\Data\Raw\Actor_14\03-01-02-02-02-02-14.wav,03-01-02-02-02-02-14.wav,422958,03,01,2,calm,2,strong,2,Dogs are sitting by the door,2,14,Actor_14,female,1
B:\Experiments\Project Peter\Data\Raw\Actor_14\03-01-03-01-01-01-14.wav,03-01-03-01-01-01-14.wav,416552,03,01,3,happy,1,normal,1,Kids are talking by the door,1,14,Actor_14,female,1
B:\Experiments\Project Peter\Data\Raw\Actor_14\03-01-03-01-01-02-14.wav,03-01-03-01-01-02-14.wav,413348,03,01,3,happy,1,normal,1,Kids are talking by the door,2,14,Actor_14,female,1
B:\Experiments\Project Peter\Data\Raw\Actor_14\03-01-03-02-01-01-14.wav,03-01-03-02-01-01-14.wav,422956,03,01,3,happy,2,strong,1,Kids are talking by the door,1,14,Actor_14,female,1
B:\Experiments\Project Peter\Data\Raw\Actor_14\03-01-03-02-01-02-14.wav,03-01-03-02-01-02-14.wav,419754,03,01,3,happy,2,strong,1,Kids are talking by the door,2,14,Actor_14,female,1
B:\Experiments\Project Peter\Data\Raw\Actor_14\03-01-03-01-02-01-14.wav,03-01-03-01-02-01-14.wav,387722,03,01,3,happy,1,normal,2,Dogs are sitting by the door,1,14,Actor_14,female,1
B:\Experiments\Project Peter\Data\Raw\Actor_14\03-01-03-01-02-02-14.wav,03-01-03-01-02-02-14.wav,394128,03,01,3,happy,1,normal,2,Dogs are sitting by the door,2,14,Actor_14,female,1
B:\Experiments\Project Peter\Data\Raw\Actor_14\03-01-03-02-02-01-14.wav,03-01-03-02-02-01-14.wav,429364,03,01,3,happy,2,strong,2,Dogs are sitting by the door,1,14,Actor_14,female,1
B:\Experiments\Project Peter\Data\Raw\Actor_14\03-01-03-02-02-02-14.wav,03-01-03-02-02-02-14.wav,419754,03,01,3,happy,2,strong,2,Dogs are sitting by the door,2,14,Actor_14,female,1
B:\Experiments\Project Peter\Data\Raw\Actor_14\03-01-04-01-01-01-14.wav,03-01-04-01-01-01-14.wav,419738,03,01,4,sad,1,normal,1,Kids are talking by the door,1,14,Actor_14,female,1
B:\Experiments\Project Peter\Data\Raw\Actor_14\03-01-04-01-01-02-14.wav,03-01-04-01-01-02-14.wav,406926,03,01,4,sad,1,normal,1,Kids are talking by the door,2,14,Actor_14,female,1
B:\Experiments\Project Peter\Data\Raw\Actor_14\03-01-04-02-01-01-14.wav,03-01-04-02-01-01-14.wav,432550,03,01,4,sad,2,strong,1,Kids are talking by the door,1,14,Actor_14,female,1
B:\Experiments\Project Peter\Data\Raw\Actor_14\03-01-04-02-01-02-14.wav,03-01-04-02-01-02-14.wav,413332,03,01,4,sad,2,strong,1,Kids are talking by the door,2,14,Actor_14,female,1
B:\Experiments\Project Peter\Data\Raw\Actor_14\03-01-04-01-02-01-14.wav,03-01-04-01-02-01-14.wav,406926,03,01,4,sad,1,normal,2,Dogs are sitting by the door,1,14,Actor_14,female,1
B:\Experiments\Project Peter\Data\Raw\Actor_14\03-01-04-01-02-02-14.wav,03-01-04-01-02-02-14.wav,400520,03,01,4,sad,1,normal,2,Dogs are sitting by the door,2,14,Actor_14,female,1
B:\Experiments\Project Peter\Data\Raw\Actor_14\03-01-04-02-02-01-14.wav,03-01-04-02-02-01-14.wav,413332,03,01,4,sad,2,strong,2,Dogs are sitting by the door,1,14,Actor_14,female,1
B:\Experiments\Project Peter\Data\Raw\Actor_14\03-01-04-02-02-02-14.wav,03-01-04-02-02-02-14.wav,435756,03,01,4,sad,2,strong,2,Dogs are sitting by the door,2,14,Actor_14,female,1
B:\Experiments\Project Peter\Data\Raw\Actor_14\03-01-05-01-01-01-14.wav,03-01-05-01-01-01-14.wav,406924,03,01,5,angry,1,normal,1,Kids are talking by the door,1,14,Actor_14,female,1
B:\Experiments\Project Peter\Data\Raw\Actor_14\03-01-05-01-01-02-14.wav,03-01-05-01-01-02-14.wav,416526,03,01,5,angry,1,normal,1,Kids are talking by the door,2,14,Actor_14,female,1
B:\Experiments\Project Peter\Data\Raw\Actor_14\03-01-05-02-01-01-14.wav,03-01-05-02-01-01-14.wav,470990,03,01,5,angry,2,strong,1,Kids are talking by the door,1,14,Actor_14,female,1
B:\Experiments\Project Peter\Data\Raw\Actor_14\03-01-05-02-01-02-14.wav,03-01-05-02-01-02-14.wav,480598,03,01,5,angry,2,strong,1,Kids are talking by the door,2,14,Actor_14,female,1
B:\Experiments\Project Peter\Data\Raw\Actor_14\03-01-05-01-02-01-14.wav,03-01-05-01-02-01-14.wav,419738,03,01,5,angry,1,normal,2,Dogs are sitting by the door,1,14,Actor_14,female,1
B:\Experiments\Project Peter\Data\Raw\Actor_14\03-01-05-01-02-02-14.wav,03-01-05-01-02-02-14.wav,435754,03,01,5,angry,1,normal,2,Dogs are sitting by the door,2,14,Actor_14,female,1
B:\Experiments\Project Peter\Data\Raw\Actor_14\03-01-05-02-02-01-14.wav,03-01-05-02-02-01-14.wav,461380,03,01,5,angry,2,strong,2,Dogs are sitting by the door,1,14,Actor_14,female,1
B:\Experiments\Project Peter\Data\Raw\Actor_14\03-01-05-02-02-02-14.wav,03-01-05-02-02-02-14.wav,483778,03,01,5,angry,2,strong,2,Dogs are sitting by the door,2,14,Actor_14,female,1
B:\Experiments\Project Peter\Data\Raw\Actor_14\03-01-06-01-01-01-14.wav,03-01-06-01-01-01-14.wav,384506,03,01,6,fearful,1,normal,1,Kids are talking by the door,1,14,Actor_14,female,1
B:\Experiments\Project Peter\Data\Raw\Actor_14\03-01-06-01-01-02-14.wav,03-01-06-01-01-02-14.wav,403722,03,01,6,fearful,1,normal,1,Kids are talking by the door,2,14,Actor_14,female,1
B:\Experiments\Project Peter\Data\Raw\Actor_14\03-01-06-02-01-01-14.wav,03-01-06-02-01-01-14.wav,384512,03,01,6,fearful,2,strong,1,Kids are talking by the door,1,14,Actor_14,female,1
B:\Experiments\Project Peter\Data\Raw\Actor_14\03-01-06-02-01-02-14.wav,03-01-06-02-01-02-14.wav,387690,03,01,6,fearful,2,strong,1,Kids are talking by the door,2,14,Actor_14,female,1
B:\Experiments\Project Peter\Data\Raw\Actor_14\03-01-06-01-02-01-14.wav,03-01-06-01-02-01-14.wav,384504,03,01,6,fearful,1,normal,2,Dogs are sitting by the door,1,14,Actor_14,female,1
B:\Experiments\Project Peter\Data\Raw\Actor_14\03-01-06-01-02-02-14.wav,03-01-06-01-02-02-14.wav,384496,03,01,6,fearful,1,normal,2,Dogs are sitting by the door,2,14,Actor_14,female,1
B:\Experiments\Project Peter\Data\Raw\Actor_14\03-01-06-02-02-01-14.wav,03-01-06-02-02-01-14.wav,397326,03,01,6,fearful,2,strong,2,Dogs are sitting by the door,1,14,Actor_14,female,1
B:\Experiments\Project Peter\Data\Raw\Actor_14\03-01-06-02-02-02-14.wav,03-01-06-02-02-02-14.wav,394122,03,01,6,fearful,2,strong,2,Dogs are sitting by the door,2,14,Actor_14,female,1
B:\Experiments\Project Peter\Data\Raw\Actor_14\03-01-07-01-01-01-14.wav,03-01-07-01-01-01-14.wav,422950,03,01,7,disgust,1,normal,1,Kids are talking by the door,1,14,Actor_14,female,1
B:\Experiments\Project Peter\Data\Raw\Actor_14\03-01-07-01-01-02-14.wav,03-01-07-01-01-02-14.wav,410138,03,01,7,disgust,1,normal,1,Kids are talking by the door,2,14,Actor_14,female,1
B:\Experiments\Project Peter\Data\Raw\Actor_14\03-01-07-02-01-01-14.wav,03-01-07-02-01-01-14.wav,438968,03,01,7,disgust,2,strong,1,Kids are talking by the door,1,14,Actor_14,female,1
B:\Experiments\Project Peter\Data\Raw\Actor_14\03-01-07-02-01-02-14.wav,03-01-07-02-01-02-14.wav,419750,03,01,7,disgust,2,strong,1,Kids are talking by the door,2,14,Actor_14,female,1
B:\Experiments\Project Peter\Data\Raw\Actor_14\03-01-07-01-02-01-14.wav,03-01-07-01-02-01-14.wav,419746,03,01,7,disgust,1,normal,2,Dogs are sitting by the door,1,14,Actor_14,female,1
B:\Experiments\Project Peter\Data\Raw\Actor_14\03-01-07-01-02-02-14.wav,03-01-07-01-02-02-14.wav,422952,03,01,7,disgust,1,normal,2,Dogs are sitting by the door,2,14,Actor_14,female,1
B:\Experiments\Project Peter\Data\Raw\Actor_14\03-01-07-02-02-01-14.wav,03-01-07-02-02-01-14.wav,413342,03,01,7,disgust,2,strong,2,Dogs are sitting by the door,1,14,Actor_14,female,1
B:\Experiments\Project Peter\Data\Raw\Actor_14\03-01-07-02-02-02-14.wav,03-01-07-02-02-02-14.wav,426156,03,01,7,disgust,2,strong,2,Dogs are sitting by the door,2,14,Actor_14,female,1
B:\Experiments\Project Peter\Data\Raw\Actor_14\03-01-08-01-01-01-14.wav,03-01-08-01-01-01-14.wav,410146,03,01,8,surprised,1,normal,1,Kids are talking by the door,1,14,Actor_14,female,1
B:\Experiments\Project Peter\Data\Raw\Actor_14\03-01-08-01-01-02-14.wav,03-01-08-01-01-02-14.wav,403632,03,01,8,surprised,1,normal,1,Kids are talking by the door,2,14,Actor_14,female,1
B:\Experiments\Project Peter\Data\Raw\Actor_14\03-01-08-02-01-01-14.wav,03-01-08-02-01-01-14.wav,442170,03,01,8,surprised,2,strong,1,Kids are talking by the door,1,14,Actor_14,female,1
B:\Experiments\Project Peter\Data\Raw\Actor_14\03-01-08-02-01-02-14.wav,03-01-08-02-01-02-14.wav,416546,03,01,8,surprised,2,strong,1,Kids are talking by the door,2,14,Actor_14,female,1
B:\Experiments\Project Peter\Data\Raw\Actor_14\03-01-08-01-02-01-14.wav,03-01-08-01-02-01-14.wav,368498,03,01,8,surprised,1,normal,2,Dogs are sitting by the door,1,14,Actor_14,female,1
B:\Experiments\Project Peter\Data\Raw\Actor_14\03-01-08-01-02-02-14.wav,03-01-08-01-02-02-14.wav,378112,03,01,8,surprised,1,normal,2,Dogs are sitting by the door,2,14,Actor_14,female,1
B:\Experiments\Project Peter\Data\Raw\Actor_14\03-01-08-02-02-01-14.wav,03-01-08-02-02-01-14.wav,416544,03,01,8,surprised,2,strong,2,Dogs are sitting by the door,1,14,Actor_14,female,1
B:\Experiments\Project Peter\Data\Raw\Actor_14\03-01-08-02-02-02-14.wav,03-01-08-02-02-02-14.wav,419748,03,01,8,surprised,2,strong,2,Dogs are sitting by the door,2,14,Actor_14,female,1
B:\Experiments\Project Peter\Data\Raw\Actor_15\03-01-01-01-01-01-15.wav,03-01-01-01-01-01-15.wav,373900,03,01,1,neutral,1,normal,1,Kids are talking by the door,1,15,Actor_15,male,4
B:\Experiments\Project Peter\Data\Raw\Actor_15\03-01-01-01-01-02-15.wav,03-01-01-01-01-02-15.wav,380306,03,01,1,neutral,1,normal,1,Kids are talking by the door,2,15,Actor_15,male,4
B:\Experiments\Project Peter\Data\Raw\Actor_15\03-01-01-01-02-01-15.wav,03-01-01-01-02-01-15.wav,380304,03,01,1,neutral,1,normal,2,Dogs are sitting by the door,1,15,Actor_15,male,4
B:\Experiments\Project Peter\Data\Raw\Actor_15\03-01-01-01-02-02-15.wav,03-01-01-01-02-02-15.wav,377102,03,01,1,neutral,1,normal,2,Dogs are sitting by the door,2,15,Actor_15,male,4
B:\Experiments\Project Peter\Data\Raw\Actor_15\03-01-02-01-01-01-15.wav,03-01-02-01-01-01-15.wav,393120,03,01,2,calm,1,normal,1,Kids are talking by the door,1,15,Actor_15,male,4
B:\Experiments\Project Peter\Data\Raw\Actor_15\03-01-02-01-01-02-15.wav,03-01-02-01-01-02-15.wav,393116,03,01,2,calm,1,normal,1,Kids are talking by the door,2,15,Actor_15,male,4
B:\Experiments\Project Peter\Data\Raw\Actor_15\03-01-02-02-01-01-15.wav,03-01-02-02-01-01-15.wav,402728,03,01,2,calm,2,strong,1,Kids are talking by the door,1,15,Actor_15,male,4
B:\Experiments\Project Peter\Data\Raw\Actor_15\03-01-02-02-01-02-15.wav,03-01-02-02-01-02-15.wav,415544,03,01,2,calm,2,strong,1,Kids are talking by the door,2,15,Actor_15,male,4
B:\Experiments\Project Peter\Data\Raw\Actor_15\03-01-02-01-02-01-15.wav,03-01-02-01-02-01-15.wav,409118,03,01,2,calm,1,normal,2,Dogs are sitting by the door,1,15,Actor_15,male,4
B:\Experiments\Project Peter\Data\Raw\Actor_15\03-01-02-01-02-02-15.wav,03-01-02-01-02-02-15.wav,393124,03,01,2,calm,1,normal,2,Dogs are sitting by the door,2,15,Actor_15,male,4
B:\Experiments\Project Peter\Data\Raw\Actor_15\03-01-02-02-02-01-15.wav,03-01-02-02-02-01-15.wav,428356,03,01,2,calm,2,strong,2,Dogs are sitting by the door,1,15,Actor_15,male,4
B:\Experiments\Project Peter\Data\Raw\Actor_15\03-01-02-02-02-02-15.wav,03-01-02-02-02-02-15.wav,396322,03,01,2,calm,2,strong,2,Dogs are sitting by the door,2,15,Actor_15,male,4
B:\Experiments\Project Peter\Data\Raw\Actor_15\03-01-03-01-01-01-15.wav,03-01-03-01-01-01-15.wav,377104,03,01,3,happy,1,normal,1,Kids are talking by the door,1,15,Actor_15,male,4
B:\Experiments\Project Peter\Data\Raw\Actor_15\03-01-03-01-01-02-15.wav,03-01-03-01-01-02-15.wav,370698,03,01,3,happy,1,normal,1,Kids are talking by the door,2,15,Actor_15,male,4
B:\Experiments\Project Peter\Data\Raw\Actor_15\03-01-03-02-01-01-15.wav,03-01-03-02-01-01-15.wav,391936,03,01,3,happy,2,strong,1,Kids are talking by the door,1,15,Actor_15,male,4
B:\Experiments\Project Peter\Data\Raw\Actor_15\03-01-03-02-01-02-15.wav,03-01-03-02-01-02-15.wav,383520,03,01,3,happy,2,strong,1,Kids are talking by the door,2,15,Actor_15,male,4
B:\Experiments\Project Peter\Data\Raw\Actor_15\03-01-03-01-02-01-15.wav,03-01-03-01-02-01-15.wav,370698,03,01,3,happy,1,normal,2,Dogs are sitting by the door,1,15,Actor_15,male,4
B:\Experiments\Project Peter\Data\Raw\Actor_15\03-01-03-01-02-02-15.wav,03-01-03-01-02-02-15.wav,380308,03,01,3,happy,1,normal,2,Dogs are sitting by the door,2,15,Actor_15,male,4
B:\Experiments\Project Peter\Data\Raw\Actor_15\03-01-03-02-02-01-15.wav,03-01-03-02-02-01-15.wav,415552,03,01,3,happy,2,strong,2,Dogs are sitting by the door,1,15,Actor_15,male,4
B:\Experiments\Project Peter\Data\Raw\Actor_15\03-01-03-02-02-02-15.wav,03-01-03-02-02-02-15.wav,373912,03,01,3,happy,2,strong,2,Dogs are sitting by the door,2,15,Actor_15,male,4
B:\Experiments\Project Peter\Data\Raw\Actor_15\03-01-04-01-01-01-15.wav,03-01-04-01-01-01-15.wav,386726,03,01,4,sad,1,normal,1,Kids are talking by the door,1,15,Actor_15,male,4
B:\Experiments\Project Peter\Data\Raw\Actor_15\03-01-04-01-01-02-15.wav,03-01-04-01-01-02-15.wav,367506,03,01,4,sad,1,normal,1,Kids are talking by the door,2,15,Actor_15,male,4
B:\Experiments\Project Peter\Data\Raw\Actor_15\03-01-04-02-01-01-15.wav,03-01-04-02-01-01-15.wav,363724,03,01,4,sad,2,strong,1,Kids are talking by the door,1,15,Actor_15,male,4
B:\Experiments\Project Peter\Data\Raw\Actor_15\03-01-04-02-01-02-15.wav,03-01-04-02-01-02-15.wav,377112,03,01,4,sad,2,strong,1,Kids are talking by the door,2,15,Actor_15,male,4
B:\Experiments\Project Peter\Data\Raw\Actor_15\03-01-04-01-02-01-15.wav,03-01-04-01-02-01-15.wav,367508,03,01,4,sad,1,normal,2,Dogs are sitting by the door,1,15,Actor_15,male,4
B:\Experiments\Project Peter\Data\Raw\Actor_15\03-01-04-01-02-02-15.wav,03-01-04-01-02-02-15.wav,373912,03,01,4,sad,1,normal,2,Dogs are sitting by the door,2,15,Actor_15,male,4
B:\Experiments\Project Peter\Data\Raw\Actor_15\03-01-04-02-02-01-15.wav,03-01-04-02-02-01-15.wav,389930,03,01,4,sad,2,strong,2,Dogs are sitting by the door,1,15,Actor_15,male,4
B:\Experiments\Project Peter\Data\Raw\Actor_15\03-01-04-02-02-02-15.wav,03-01-04-02-02-02-15.wav,380320,03,01,4,sad,2,strong,2,Dogs are sitting by the door,2,15,Actor_15,male,4
B:\Experiments\Project Peter\Data\Raw\Actor_15\03-01-05-01-01-01-15.wav,03-01-05-01-01-01-15.wav,399540,03,01,5,angry,1,normal,1,Kids are talking by the door,1,15,Actor_15,male,4
B:\Experiments\Project Peter\Data\Raw\Actor_15\03-01-05-01-01-02-15.wav,03-01-05-01-01-02-15.wav,396334,03,01,5,angry,1,normal,1,Kids are talking by the door,2,15,Actor_15,male,4
B:\Experiments\Project Peter\Data\Raw\Actor_15\03-01-05-02-01-01-15.wav,03-01-05-02-01-01-15.wav,389928,03,01,5,angry,2,strong,1,Kids are talking by the door,1,15,Actor_15,male,4
B:\Experiments\Project Peter\Data\Raw\Actor_15\03-01-05-02-01-02-15.wav,03-01-05-02-01-02-15.wav,409146,03,01,5,angry,2,strong,1,Kids are talking by the door,2,15,Actor_15,male,4
B:\Experiments\Project Peter\Data\Raw\Actor_15\03-01-05-01-02-01-15.wav,03-01-05-01-02-01-15.wav,405944,03,01,5,angry,1,normal,2,Dogs are sitting by the door,1,15,Actor_15,male,4
B:\Experiments\Project Peter\Data\Raw\Actor_15\03-01-05-01-02-02-15.wav,03-01-05-01-02-02-15.wav,389928,03,01,5,angry,1,normal,2,Dogs are sitting by the door,2,15,Actor_15,male,4
B:\Experiments\Project Peter\Data\Raw\Actor_15\03-01-05-02-02-01-15.wav,03-01-05-02-02-01-15.wav,383514,03,01,5,angry,2,strong,2,Dogs are sitting by the door,1,15,Actor_15,male,4
B:\Experiments\Project Peter\Data\Raw\Actor_15\03-01-05-02-02-02-15.wav,03-01-05-02-02-02-15.wav,396328,03,01,5,angry,2,strong,2,Dogs are sitting by the door,2,15,Actor_15,male,4
B:\Experiments\Project Peter\Data\Raw\Actor_15\03-01-06-01-01-01-15.wav,03-01-06-01-01-01-15.wav,368180,03,01,6,fearful,1,normal,1,Kids are talking by the door,1,15,Actor_15,male,4
B:\Experiments\Project Peter\Data\Raw\Actor_15\03-01-06-01-01-02-15.wav,03-01-06-01-01-02-15.wav,367502,03,01,6,fearful,1,normal,1,Kids are talking by the door,2,15,Actor_15,male,4
B:\Experiments\Project Peter\Data\Raw\Actor_15\03-01-06-02-01-01-15.wav,03-01-06-02-01-01-15.wav,370706,03,01,6,fearful,2,strong,1,Kids are talking by the door,1,15,Actor_15,male,4
B:\Experiments\Project Peter\Data\Raw\Actor_15\03-01-06-02-01-02-15.wav,03-01-06-02-01-02-15.wav,383522,03,01,6,fearful,2,strong,1,Kids are talking by the door,2,15,Actor_15,male,4
B:\Experiments\Project Peter\Data\Raw\Actor_15\03-01-06-01-02-01-15.wav,03-01-06-01-02-01-15.wav,364298,03,01,6,fearful,1,normal,2,Dogs are sitting by the door,1,15,Actor_15,male,4
B:\Experiments\Project Peter\Data\Raw\Actor_15\03-01-06-01-02-02-15.wav,03-01-06-01-02-02-15.wav,367502,03,01,6,fearful,1,normal,2,Dogs are sitting by the door,2,15,Actor_15,male,4
B:\Experiments\Project Peter\Data\Raw\Actor_15\03-01-06-02-02-01-15.wav,03-01-06-02-02-01-15.wav,373910,03,01,6,fearful,2,strong,2,Dogs are sitting by the door,1,15,Actor_15,male,4
B:\Experiments\Project Peter\Data\Raw\Actor_15\03-01-06-02-02-02-15.wav,03-01-06-02-02-02-15.wav,386724,03,01,6,fearful,2,strong,2,Dogs are sitting by the door,2,15,Actor_15,male,4
B:\Experiments\Project Peter\Data\Raw\Actor_15\03-01-07-01-01-01-15.wav,03-01-07-01-01-01-15.wav,409146,03,01,7,disgust,1,normal,1,Kids are talking by the door,1,15,Actor_15,male,4
B:\Experiments\Project Peter\Data\Raw\Actor_15\03-01-07-01-01-02-15.wav,03-01-07-01-01-02-15.wav,399536,03,01,7,disgust,1,normal,1,Kids are talking by the door,2,15,Actor_15,male,4
B:\Experiments\Project Peter\Data\Raw\Actor_15\03-01-07-02-01-01-15.wav,03-01-07-02-01-01-15.wav,405942,03,01,7,disgust,2,strong,1,Kids are talking by the door,1,15,Actor_15,male,4
B:\Experiments\Project Peter\Data\Raw\Actor_15\03-01-07-02-01-02-15.wav,03-01-07-02-01-02-15.wav,373832,03,01,7,disgust,2,strong,1,Kids are talking by the door,2,15,Actor_15,male,4
B:\Experiments\Project Peter\Data\Raw\Actor_15\03-01-07-01-02-01-15.wav,03-01-07-01-02-01-15.wav,402740,03,01,7,disgust,1,normal,2,Dogs are sitting by the door,1,15,Actor_15,male,4
B:\Experiments\Project Peter\Data\Raw\Actor_15\03-01-07-01-02-02-15.wav,03-01-07-01-02-02-15.wav,441178,03,01,7,disgust,1,normal,2,Dogs are sitting by the door,2,15,Actor_15,male,4
B:\Experiments\Project Peter\Data\Raw\Actor_15\03-01-07-02-02-01-15.wav,03-01-07-02-02-01-15.wav,367502,03,01,7,disgust,2,strong,2,Dogs are sitting by the door,1,15,Actor_15,male,4
B:\Experiments\Project Peter\Data\Raw\Actor_15\03-01-07-02-02-02-15.wav,03-01-07-02-02-02-15.wav,383518,03,01,7,disgust,2,strong,2,Dogs are sitting by the door,2,15,Actor_15,male,4
B:\Experiments\Project Peter\Data\Raw\Actor_15\03-01-08-01-01-01-15.wav,03-01-08-01-01-01-15.wav,399532,03,01,8,surprised,1,normal,1,Kids are talking by the door,1,15,Actor_15,male,4
B:\Experiments\Project Peter\Data\Raw\Actor_15\03-01-08-01-01-02-15.wav,03-01-08-01-01-02-15.wav,380318,03,01,8,surprised,1,normal,1,Kids are talking by the door,2,15,Actor_15,male,4
B:\Experiments\Project Peter\Data\Raw\Actor_15\03-01-08-02-01-01-15.wav,03-01-08-02-01-01-15.wav,373906,03,01,8,surprised,2,strong,1,Kids are talking by the door,1,15,Actor_15,male,4
B:\Experiments\Project Peter\Data\Raw\Actor_15\03-01-08-02-01-02-15.wav,03-01-08-02-01-02-15.wav,367502,03,01,8,surprised,2,strong,1,Kids are talking by the door,2,15,Actor_15,male,4
B:\Experiments\Project Peter\Data\Raw\Actor_15\03-01-08-01-02-01-15.wav,03-01-08-01-02-01-15.wav,405944,03,01,8,surprised,1,normal,2,Dogs are sitting by the door,1,15,Actor_15,male,4
B:\Experiments\Project Peter\Data\Raw\Actor_15\03-01-08-01-02-02-15.wav,03-01-08-01-02-02-15.wav,373912,03,01,8,surprised,1,normal,2,Dogs are sitting by the door,2,15,Actor_15,male,4
B:\Experiments\Project Peter\Data\Raw\Actor_15\03-01-08-02-02-01-15.wav,03-01-08-02-02-01-15.wav,357894,03,01,8,surprised,2,strong,2,Dogs are sitting by the door,1,15,Actor_15,male,4
B:\Experiments\Project Peter\Data\Raw\Actor_15\03-01-08-02-02-02-15.wav,03-01-08-02-02-02-15.wav,370706,03,01,8,surprised,2,strong,2,Dogs are sitting by the door,2,15,Actor_15,male,4
B:\Experiments\Project Peter\Data\Raw\Actor_16\03-01-01-01-01-01-16.wav,03-01-01-01-01-01-16.wav,418744,03,01,1,neutral,1,normal,1,Kids are talking by the door,1,16,Actor_16,female,2
B:\Experiments\Project Peter\Data\Raw\Actor_16\03-01-01-01-01-02-16.wav,03-01-01-01-01-02-16.wav,418746,03,01,1,neutral,1,normal,1,Kids are talking by the door,2,16,Actor_16,female,2
B:\Experiments\Project Peter\Data\Raw\Actor_16\03-01-01-01-02-01-16.wav,03-01-01-01-02-01-16.wav,405704,03,01,1,neutral,1,normal,2,Dogs are sitting by the door,1,16,Actor_16,female,2
B:\Experiments\Project Peter\Data\Raw\Actor_16\03-01-01-01-02-02-16.wav,03-01-01-01-02-02-16.wav,402730,03,01,1,neutral,1,normal,2,Dogs are sitting by the door,2,16,Actor_16,female,2
B:\Experiments\Project Peter\Data\Raw\Actor_16\03-01-02-01-01-01-16.wav,03-01-02-01-01-01-16.wav,414704,03,01,2,calm,1,normal,1,Kids are talking by the door,1,16,Actor_16,female,2
B:\Experiments\Project Peter\Data\Raw\Actor_16\03-01-02-01-01-02-16.wav,03-01-02-01-01-02-16.wav,431558,03,01,2,calm,1,normal,1,Kids are talking by the door,2,16,Actor_16,female,2
B:\Experiments\Project Peter\Data\Raw\Actor_16\03-01-02-02-01-01-16.wav,03-01-02-02-01-01-16.wav,431548,03,01,2,calm,2,strong,1,Kids are talking by the door,1,16,Actor_16,female,2
B:\Experiments\Project Peter\Data\Raw\Actor_16\03-01-02-02-01-02-16.wav,03-01-02-02-01-02-16.wav,437974,03,01,2,calm,2,strong,1,Kids are talking by the door,2,16,Actor_16,female,2
B:\Experiments\Project Peter\Data\Raw\Actor_16\03-01-02-01-02-01-16.wav,03-01-02-01-02-01-16.wav,425142,03,01,2,calm,1,normal,2,Dogs are sitting by the door,1,16,Actor_16,female,2
B:\Experiments\Project Peter\Data\Raw\Actor_16\03-01-02-01-02-02-16.wav,03-01-02-01-02-02-16.wav,412340,03,01,2,calm,1,normal,2,Dogs are sitting by the door,2,16,Actor_16,female,2
B:\Experiments\Project Peter\Data\Raw\Actor_16\03-01-02-02-02-01-16.wav,03-01-02-02-02-01-16.wav,425144,03,01,2,calm,2,strong,2,Dogs are sitting by the door,1,16,Actor_16,female,2
B:\Experiments\Project Peter\Data\Raw\Actor_16\03-01-02-02-02-02-16.wav,03-01-02-02-02-02-16.wav,425142,03,01,2,calm,2,strong,2,Dogs are sitting by the door,2,16,Actor_16,female,2
B:\Experiments\Project Peter\Data\Raw\Actor_16\03-01-03-01-01-01-16.wav,03-01-03-01-01-01-16.wav,415526,03,01,3,happy,1,normal,1,Kids are talking by the door,1,16,Actor_16,female,2
B:\Experiments\Project Peter\Data\Raw\Actor_16\03-01-03-01-01-02-16.wav,03-01-03-01-01-02-16.wav,412348,03,01,3,happy,1,normal,1,Kids are talking by the door,2,16,Actor_16,female,2
B:\Experiments\Project Peter\Data\Raw\Actor_16\03-01-03-02-01-01-16.wav,03-01-03-02-01-01-16.wav,421936,03,01,3,happy,2,strong,1,Kids are talking by the door,1,16,Actor_16,female,2
B:\Experiments\Project Peter\Data\Raw\Actor_16\03-01-03-02-01-02-16.wav,03-01-03-02-01-02-16.wav,402738,03,01,3,happy,2,strong,1,Kids are talking by the door,2,16,Actor_16,female,2
B:\Experiments\Project Peter\Data\Raw\Actor_16\03-01-03-01-02-01-16.wav,03-01-03-01-02-01-16.wav,418736,03,01,3,happy,1,normal,2,Dogs are sitting by the door,1,16,Actor_16,female,2
B:\Experiments\Project Peter\Data\Raw\Actor_16\03-01-03-01-02-02-16.wav,03-01-03-01-02-02-16.wav,412318,03,01,3,happy,1,normal,2,Dogs are sitting by the door,2,16,Actor_16,female,2
B:\Experiments\Project Peter\Data\Raw\Actor_16\03-01-03-02-02-01-16.wav,03-01-03-02-02-01-16.wav,421934,03,01,3,happy,2,strong,2,Dogs are sitting by the door,1,16,Actor_16,female,2
B:\Experiments\Project Peter\Data\Raw\Actor_16\03-01-03-02-02-02-16.wav,03-01-03-02-02-02-16.wav,425140,03,01,3,happy,2,strong,2,Dogs are sitting by the door,2,16,Actor_16,female,2
B:\Experiments\Project Peter\Data\Raw\Actor_16\03-01-04-01-01-01-16.wav,03-01-04-01-01-01-16.wav,402708,03,01,4,sad,1,normal,1,Kids are talking by the door,1,16,Actor_16,female,2
B:\Experiments\Project Peter\Data\Raw\Actor_16\03-01-04-01-01-02-16.wav,03-01-04-01-01-02-16.wav,409142,03,01,4,sad,1,normal,1,Kids are talking by the door,2,16,Actor_16,female,2
B:\Experiments\Project Peter\Data\Raw\Actor_16\03-01-04-02-01-01-16.wav,03-01-04-02-01-01-16.wav,418752,03,01,4,sad,2,strong,1,Kids are talking by the door,1,16,Actor_16,female,2
B:\Experiments\Project Peter\Data\Raw\Actor_16\03-01-04-02-01-02-16.wav,03-01-04-02-01-02-16.wav,425160,03,01,4,sad,2,strong,1,Kids are talking by the door,2,16,Actor_16,female,2
B:\Experiments\Project Peter\Data\Raw\Actor_16\03-01-04-01-02-01-16.wav,03-01-04-01-02-01-16.wav,386720,03,01,4,sad,1,normal,2,Dogs are sitting by the door,1,16,Actor_16,female,2
B:\Experiments\Project Peter\Data\Raw\Actor_16\03-01-04-01-02-02-16.wav,03-01-04-01-02-02-16.wav,396328,03,01,4,sad,1,normal,2,Dogs are sitting by the door,2,16,Actor_16,female,2
B:\Experiments\Project Peter\Data\Raw\Actor_16\03-01-04-02-02-01-16.wav,03-01-04-02-02-01-16.wav,431566,03,01,4,sad,2,strong,2,Dogs are sitting by the door,1,16,Actor_16,female,2
B:\Experiments\Project Peter\Data\Raw\Actor_16\03-01-04-02-02-02-16.wav,03-01-04-02-02-02-16.wav,418752,03,01,4,sad,2,strong,2,Dogs are sitting by the door,2,16,Actor_16,female,2
B:\Experiments\Project Peter\Data\Raw\Actor_16\03-01-05-01-01-01-16.wav,03-01-05-01-01-01-16.wav,441176,03,01,5,angry,1,normal,1,Kids are talking by the door,1,16,Actor_16,female,2
B:\Experiments\Project Peter\Data\Raw\Actor_16\03-01-05-01-01-02-16.wav,03-01-05-01-01-02-16.wav,444378,03,01,5,angry,1,normal,1,Kids are talking by the door,2,16,Actor_16,female,2
B:\Experiments\Project Peter\Data\Raw\Actor_16\03-01-05-02-01-01-16.wav,03-01-05-02-01-01-16.wav,441172,03,01,5,angry,2,strong,1,Kids are talking by the door,1,16,Actor_16,female,2
B:\Experiments\Project Peter\Data\Raw\Actor_16\03-01-05-02-01-02-16.wav,03-01-05-02-01-02-16.wav,418748,03,01,5,angry,2,strong,1,Kids are talking by the door,2,16,Actor_16,female,2
B:\Experiments\Project Peter\Data\Raw\Actor_16\03-01-05-01-02-01-16.wav,03-01-05-01-02-01-16.wav,434768,03,01,5,angry,1,normal,2,Dogs are sitting by the door,1,16,Actor_16,female,2
B:\Experiments\Project Peter\Data\Raw\Actor_16\03-01-05-01-02-02-16.wav,03-01-05-01-02-02-16.wav,434768,03,01,5,angry,1,normal,2,Dogs are sitting by the door,2,16,Actor_16,female,2
B:\Experiments\Project Peter\Data\Raw\Actor_16\03-01-05-02-02-01-16.wav,03-01-05-02-02-01-16.wav,425050,03,01,5,angry,2,strong,2,Dogs are sitting by the door,1,16,Actor_16,female,2
B:\Experiments\Project Peter\Data\Raw\Actor_16\03-01-05-02-02-02-16.wav,03-01-05-02-02-02-16.wav,450778,03,01,5,angry,2,strong,2,Dogs are sitting by the door,2,16,Actor_16,female,2
B:\Experiments\Project Peter\Data\Raw\Actor_16\03-01-06-01-01-01-16.wav,03-01-06-01-01-01-16.wav,415544,03,01,6,fearful,1,normal,1,Kids are talking by the door,1,16,Actor_16,female,2
B:\Experiments\Project Peter\Data\Raw\Actor_16\03-01-06-01-01-02-16.wav,03-01-06-01-01-02-16.wav,396326,03,01,6,fearful,1,normal,1,Kids are talking by the door,2,16,Actor_16,female,2
B:\Experiments\Project Peter\Data\Raw\Actor_16\03-01-06-02-01-01-16.wav,03-01-06-02-01-01-16.wav,418748,03,01,6,fearful,2,strong,1,Kids are talking by the door,1,16,Actor_16,female,2
B:\Experiments\Project Peter\Data\Raw\Actor_16\03-01-06-02-01-02-16.wav,03-01-06-02-01-02-16.wav,418748,03,01,6,fearful,2,strong,1,Kids are talking by the door,2,16,Actor_16,female,2
B:\Experiments\Project Peter\Data\Raw\Actor_16\03-01-06-01-02-01-16.wav,03-01-06-01-02-01-16.wav,409138,03,01,6,fearful,1,normal,2,Dogs are sitting by the door,1,16,Actor_16,female,2
B:\Experiments\Project Peter\Data\Raw\Actor_16\03-01-06-01-02-02-16.wav,03-01-06-01-02-02-16.wav,402732,03,01,6,fearful,1,normal,2,Dogs are sitting by the door,2,16,Actor_16,female,2
B:\Experiments\Project Peter\Data\Raw\Actor_16\03-01-06-02-02-01-16.wav,03-01-06-02-02-01-16.wav,399528,03,01,6,fearful,2,strong,2,Dogs are sitting by the door,1,16,Actor_16,female,2
B:\Experiments\Project Peter\Data\Raw\Actor_16\03-01-06-02-02-02-16.wav,03-01-06-02-02-02-16.wav,396326,03,01,6,fearful,2,strong,2,Dogs are sitting by the door,2,16,Actor_16,female,2
B:\Experiments\Project Peter\Data\Raw\Actor_16\03-01-07-01-01-01-16.wav,03-01-07-01-01-01-16.wav,421950,03,01,7,disgust,1,normal,1,Kids are talking by the door,1,16,Actor_16,female,2
B:\Experiments\Project Peter\Data\Raw\Actor_16\03-01-07-01-01-02-16.wav,03-01-07-01-01-02-16.wav,418750,03,01,7,disgust,1,normal,1,Kids are talking by the door,2,16,Actor_16,female,2
B:\Experiments\Project Peter\Data\Raw\Actor_16\03-01-07-02-01-01-16.wav,03-01-07-02-01-01-16.wav,470000,03,01,7,disgust,2,strong,1,Kids are talking by the door,1,16,Actor_16,female,2
B:\Experiments\Project Peter\Data\Raw\Actor_16\03-01-07-02-01-02-16.wav,03-01-07-02-01-02-16.wav,466800,03,01,7,disgust,2,strong,1,Kids are talking by the door,2,16,Actor_16,female,2
B:\Experiments\Project Peter\Data\Raw\Actor_16\03-01-07-01-02-01-16.wav,03-01-07-01-02-01-16.wav,393122,03,01,7,disgust,1,normal,2,Dogs are sitting by the door,1,16,Actor_16,female,2
B:\Experiments\Project Peter\Data\Raw\Actor_16\03-01-07-01-02-02-16.wav,03-01-07-01-02-02-16.wav,402732,03,01,7,disgust,1,normal,2,Dogs are sitting by the door,2,16,Actor_16,female,2
B:\Experiments\Project Peter\Data\Raw\Actor_16\03-01-07-02-02-01-16.wav,03-01-07-02-02-01-16.wav,457188,03,01,7,disgust,2,strong,2,Dogs are sitting by the door,1,16,Actor_16,female,2
B:\Experiments\Project Peter\Data\Raw\Actor_16\03-01-07-02-02-02-16.wav,03-01-07-02-02-02-16.wav,457190,03,01,7,disgust,2,strong,2,Dogs are sitting by the door,2,16,Actor_16,female,2
B:\Experiments\Project Peter\Data\Raw\Actor_16\03-01-08-01-01-01-16.wav,03-01-08-01-01-01-16.wav,399528,03,01,8,surprised,1,normal,1,Kids are talking by the door,1,16,Actor_16,female,2
B:\Experiments\Project Peter\Data\Raw\Actor_16\03-01-08-01-01-02-16.wav,03-01-08-01-01-02-16.wav,389924,03,01,8,surprised,1,normal,1,Kids are talking by the door,2,16,Actor_16,female,2
B:\Experiments\Project Peter\Data\Raw\Actor_16\03-01-08-02-01-01-16.wav,03-01-08-02-01-01-16.wav,399532,03,01,8,surprised,2,strong,1,Kids are talking by the door,1,16,Actor_16,female,2
B:\Experiments\Project Peter\Data\Raw\Actor_16\03-01-08-02-01-02-16.wav,03-01-08-02-01-02-16.wav,399534,03,01,8,surprised,2,strong,1,Kids are talking by the door,2,16,Actor_16,female,2
B:\Experiments\Project Peter\Data\Raw\Actor_16\03-01-08-01-02-01-16.wav,03-01-08-01-02-01-16.wav,396324,03,01,8,surprised,1,normal,2,Dogs are sitting by the door,1,16,Actor_16,female,2
B:\Experiments\Project Peter\Data\Raw\Actor_16\03-01-08-01-02-02-16.wav,03-01-08-01-02-02-16.wav,389926,03,01,8,surprised,1,normal,2,Dogs are sitting by the door,2,16,Actor_16,female,2
B:\Experiments\Project Peter\Data\Raw\Actor_16\03-01-08-02-02-01-16.wav,03-01-08-02-02-01-16.wav,402740,03,01,8,surprised,2,strong,2,Dogs are sitting by the door,1,16,Actor_16,female,2
B:\Experiments\Project Peter\Data\Raw\Actor_16\03-01-08-02-02-02-16.wav,03-01-08-02-02-02-16.wav,402738,03,01,8,surprised,2,strong,2,Dogs are sitting by the door,2,16,Actor_16,female,2
B:\Experiments\Project Peter\Data\Raw\Actor_17\03-01-01-01-01-01-17.wav,03-01-01-01-01-01-17.wav,418210,03,01,1,neutral,1,normal,1,Kids are talking by the door,1,17,Actor_17,male,3
B:\Experiments\Project Peter\Data\Raw\Actor_17\03-01-01-01-01-02-17.wav,03-01-01-01-01-02-17.wav,386178,03,01,1,neutral,1,normal,1,Kids are talking by the door,2,17,Actor_17,male,3
B:\Experiments\Project Peter\Data\Raw\Actor_17\03-01-01-01-02-01-17.wav,03-01-01-01-02-01-17.wav,387606,03,01,1,neutral,1,normal,2,Dogs are sitting by the door,1,17,Actor_17,male,3
B:\Experiments\Project Peter\Data\Raw\Actor_17\03-01-01-01-02-02-17.wav,03-01-01-01-02-02-17.wav,384402,03,01,1,neutral,1,normal,2,Dogs are sitting by the door,2,17,Actor_17,male,3
B:\Experiments\Project Peter\Data\Raw\Actor_17\03-01-02-01-01-01-17.wav,03-01-02-01-01-01-17.wav,386184,03,01,2,calm,1,normal,1,Kids are talking by the door,1,17,Actor_17,male,3
B:\Experiments\Project Peter\Data\Raw\Actor_17\03-01-02-01-01-02-17.wav,03-01-02-01-01-02-17.wav,389388,03,01,2,calm,1,normal,1,Kids are talking by the door,2,17,Actor_17,male,3
B:\Experiments\Project Peter\Data\Raw\Actor_17\03-01-02-02-01-01-17.wav,03-01-02-02-01-01-17.wav,421420,03,01,2,calm,2,strong,1,Kids are talking by the door,1,17,Actor_17,male,3
B:\Experiments\Project Peter\Data\Raw\Actor_17\03-01-02-02-01-02-17.wav,03-01-02-02-01-02-17.wav,395796,03,01,2,calm,2,strong,1,Kids are talking by the door,2,17,Actor_17,male,3
B:\Experiments\Project Peter\Data\Raw\Actor_17\03-01-02-01-02-01-17.wav,03-01-02-01-02-01-17.wav,408608,03,01,2,calm,1,normal,2,Dogs are sitting by the door,1,17,Actor_17,male,3
B:\Experiments\Project Peter\Data\Raw\Actor_17\03-01-02-01-02-02-17.wav,03-01-02-01-02-02-17.wav,411810,03,01,2,calm,1,normal,2,Dogs are sitting by the door,2,17,Actor_17,male,3
B:\Experiments\Project Peter\Data\Raw\Actor_17\03-01-02-02-02-01-17.wav,03-01-02-02-02-01-17.wav,418216,03,01,2,calm,2,strong,2,Dogs are sitting by the door,1,17,Actor_17,male,3
B:\Experiments\Project Peter\Data\Raw\Actor_17\03-01-02-02-02-02-17.wav,03-01-02-02-02-02-17.wav,389388,03,01,2,calm,2,strong,2,Dogs are sitting by the door,2,17,Actor_17,male,3
B:\Experiments\Project Peter\Data\Raw\Actor_17\03-01-03-01-01-01-17.wav,03-01-03-01-01-01-17.wav,382982,03,01,3,happy,1,normal,1,Kids are talking by the door,1,17,Actor_17,male,3
B:\Experiments\Project Peter\Data\Raw\Actor_17\03-01-03-01-01-02-17.wav,03-01-03-01-01-02-17.wav,389390,03,01,3,happy,1,normal,1,Kids are talking by the door,2,17,Actor_17,male,3
B:\Experiments\Project Peter\Data\Raw\Actor_17\03-01-03-02-01-01-17.wav,03-01-03-02-01-01-17.wav,408606,03,01,3,happy,2,strong,1,Kids are talking by the door,1,17,Actor_17,male,3
B:\Experiments\Project Peter\Data\Raw\Actor_17\03-01-03-02-01-02-17.wav,03-01-03-02-01-02-17.wav,443842,03,01,3,happy,2,strong,1,Kids are talking by the door,2,17,Actor_17,male,3
B:\Experiments\Project Peter\Data\Raw\Actor_17\03-01-03-01-02-01-17.wav,03-01-03-01-02-01-17.wav,382984,03,01,3,happy,1,normal,2,Dogs are sitting by the door,1,17,Actor_17,male,3
B:\Experiments\Project Peter\Data\Raw\Actor_17\03-01-03-01-02-02-17.wav,03-01-03-01-02-02-17.wav,389388,03,01,3,happy,1,normal,2,Dogs are sitting by the door,2,17,Actor_17,male,3
B:\Experiments\Project Peter\Data\Raw\Actor_17\03-01-03-02-02-01-17.wav,03-01-03-02-02-01-17.wav,408608,03,01,3,happy,2,strong,2,Dogs are sitting by the door,1,17,Actor_17,male,3
B:\Experiments\Project Peter\Data\Raw\Actor_17\03-01-03-02-02-02-17.wav,03-01-03-02-02-02-17.wav,415014,03,01,3,happy,2,strong,2,Dogs are sitting by the door,2,17,Actor_17,male,3
B:\Experiments\Project Peter\Data\Raw\Actor_17\03-01-04-01-01-01-17.wav,03-01-04-01-01-01-17.wav,402112,03,01,4,sad,1,normal,1,Kids are talking by the door,1,17,Actor_17,male,3
B:\Experiments\Project Peter\Data\Raw\Actor_17\03-01-04-01-01-02-17.wav,03-01-04-01-01-02-17.wav,386176,03,01,4,sad,1,normal,1,Kids are talking by the door,2,17,Actor_17,male,3
B:\Experiments\Project Peter\Data\Raw\Actor_17\03-01-04-02-01-01-17.wav,03-01-04-02-01-01-17.wav,402186,03,01,4,sad,2,strong,1,Kids are talking by the door,1,17,Actor_17,male,3
B:\Experiments\Project Peter\Data\Raw\Actor_17\03-01-04-02-01-02-17.wav,03-01-04-02-01-02-17.wav,405396,03,01,4,sad,2,strong,1,Kids are talking by the door,2,17,Actor_17,male,3
B:\Experiments\Project Peter\Data\Raw\Actor_17\03-01-04-01-02-01-17.wav,03-01-04-01-02-01-17.wav,392584,03,01,4,sad,1,normal,2,Dogs are sitting by the door,1,17,Actor_17,male,3
B:\Experiments\Project Peter\Data\Raw\Actor_17\03-01-04-01-02-02-17.wav,03-01-04-01-02-02-17.wav,395788,03,01,4,sad,1,normal,2,Dogs are sitting by the door,2,17,Actor_17,male,3
B:\Experiments\Project Peter\Data\Raw\Actor_17\03-01-04-02-02-01-17.wav,03-01-04-02-02-01-17.wav,395786,03,01,4,sad,2,strong,2,Dogs are sitting by the door,1,17,Actor_17,male,3
B:\Experiments\Project Peter\Data\Raw\Actor_17\03-01-04-02-02-02-17.wav,03-01-04-02-02-02-17.wav,392582,03,01,4,sad,2,strong,2,Dogs are sitting by the door,2,17,Actor_17,male,3
B:\Experiments\Project Peter\Data\Raw\Actor_17\03-01-05-01-01-01-17.wav,03-01-05-01-01-01-17.wav,382974,03,01,5,angry,1,normal,1,Kids are talking by the door,1,17,Actor_17,male,3
B:\Experiments\Project Peter\Data\Raw\Actor_17\03-01-05-01-01-02-17.wav,03-01-05-01-01-02-17.wav,405396,03,01,5,angry,1,normal,1,Kids are talking by the door,2,17,Actor_17,male,3
B:\Experiments\Project Peter\Data\Raw\Actor_17\03-01-05-02-01-01-17.wav,03-01-05-02-01-01-17.wav,386186,03,01,5,angry,2,strong,1,Kids are talking by the door,1,17,Actor_17,male,3
B:\Experiments\Project Peter\Data\Raw\Actor_17\03-01-05-02-01-02-17.wav,03-01-05-02-01-02-17.wav,408608,03,01,5,angry,2,strong,1,Kids are talking by the door,2,17,Actor_17,male,3
B:\Experiments\Project Peter\Data\Raw\Actor_17\03-01-05-01-02-01-17.wav,03-01-05-01-02-01-17.wav,395786,03,01,5,angry,1,normal,2,Dogs are sitting by the door,1,17,Actor_17,male,3
B:\Experiments\Project Peter\Data\Raw\Actor_17\03-01-05-01-02-02-17.wav,03-01-05-01-02-02-17.wav,389358,03,01,5,angry,1,normal,2,Dogs are sitting by the door,2,17,Actor_17,male,3
B:\Experiments\Project Peter\Data\Raw\Actor_17\03-01-05-02-02-01-17.wav,03-01-05-02-02-01-17.wav,398992,03,01,5,angry,2,strong,2,Dogs are sitting by the door,1,17,Actor_17,male,3
B:\Experiments\Project Peter\Data\Raw\Actor_17\03-01-05-02-02-02-17.wav,03-01-05-02-02-02-17.wav,415016,03,01,5,angry,2,strong,2,Dogs are sitting by the door,2,17,Actor_17,male,3
B:\Experiments\Project Peter\Data\Raw\Actor_17\03-01-06-01-01-01-17.wav,03-01-06-01-01-01-17.wav,382982,03,01,6,fearful,1,normal,1,Kids are talking by the door,1,17,Actor_17,male,3
B:\Experiments\Project Peter\Data\Raw\Actor_17\03-01-06-01-01-02-17.wav,03-01-06-01-01-02-17.wav,386182,03,01,6,fearful,1,normal,1,Kids are talking by the door,2,17,Actor_17,male,3
B:\Experiments\Project Peter\Data\Raw\Actor_17\03-01-06-02-01-01-17.wav,03-01-06-02-01-01-17.wav,405404,03,01,6,fearful,2,strong,1,Kids are talking by the door,1,17,Actor_17,male,3
B:\Experiments\Project Peter\Data\Raw\Actor_17\03-01-06-02-01-02-17.wav,03-01-06-02-01-02-17.wav,408608,03,01,6,fearful,2,strong,1,Kids are talking by the door,2,17,Actor_17,male,3
B:\Experiments\Project Peter\Data\Raw\Actor_17\03-01-06-01-02-01-17.wav,03-01-06-01-02-01-17.wav,389390,03,01,6,fearful,1,normal,2,Dogs are sitting by the door,1,17,Actor_17,male,3
B:\Experiments\Project Peter\Data\Raw\Actor_17\03-01-06-01-02-02-17.wav,03-01-06-01-02-02-17.wav,398994,03,01,6,fearful,1,normal,2,Dogs are sitting by the door,2,17,Actor_17,male,3
B:\Experiments\Project Peter\Data\Raw\Actor_17\03-01-06-02-02-01-17.wav,03-01-06-02-02-01-17.wav,402196,03,01,6,fearful,2,strong,2,Dogs are sitting by the door,1,17,Actor_17,male,3
B:\Experiments\Project Peter\Data\Raw\Actor_17\03-01-06-02-02-02-17.wav,03-01-06-02-02-02-17.wav,418214,03,01,6,fearful,2,strong,2,Dogs are sitting by the door,2,17,Actor_17,male,3
B:\Experiments\Project Peter\Data\Raw\Actor_17\03-01-07-01-01-01-17.wav,03-01-07-01-01-01-17.wav,418218,03,01,7,disgust,1,normal,1,Kids are talking by the door,1,17,Actor_17,male,3
B:\Experiments\Project Peter\Data\Raw\Actor_17\03-01-07-01-01-02-17.wav,03-01-07-01-01-02-17.wav,405406,03,01,7,disgust,1,normal,1,Kids are talking by the door,2,17,Actor_17,male,3
B:\Experiments\Project Peter\Data\Raw\Actor_17\03-01-07-02-01-01-17.wav,03-01-07-02-01-01-17.wav,453454,03,01,7,disgust,2,strong,1,Kids are talking by the door,1,17,Actor_17,male,3
B:\Experiments\Project Peter\Data\Raw\Actor_17\03-01-07-02-01-02-17.wav,03-01-07-02-01-02-17.wav,450250,03,01,7,disgust,2,strong,1,Kids are talking by the door,2,17,Actor_17,male,3
B:\Experiments\Project Peter\Data\Raw\Actor_17\03-01-07-01-02-01-17.wav,03-01-07-01-02-01-17.wav,392592,03,01,7,disgust,1,normal,2,Dogs are sitting by the door,1,17,Actor_17,male,3
B:\Experiments\Project Peter\Data\Raw\Actor_17\03-01-07-01-02-02-17.wav,03-01-07-01-02-02-17.wav,386186,03,01,7,disgust,1,normal,2,Dogs are sitting by the door,2,17,Actor_17,male,3
B:\Experiments\Project Peter\Data\Raw\Actor_17\03-01-07-02-02-01-17.wav,03-01-07-02-02-01-17.wav,479080,03,01,7,disgust,2,strong,2,Dogs are sitting by the door,1,17,Actor_17,male,3
B:\Experiments\Project Peter\Data\Raw\Actor_17\03-01-07-02-02-02-17.wav,03-01-07-02-02-02-17.wav,491892,03,01,7,disgust,2,strong,2,Dogs are sitting by the door,2,17,Actor_17,male,3
B:\Experiments\Project Peter\Data\Raw\Actor_17\03-01-08-01-01-01-17.wav,03-01-08-01-01-01-17.wav,376498,03,01,8,surprised,1,normal,1,Kids are talking by the door,1,17,Actor_17,male,3
B:\Experiments\Project Peter\Data\Raw\Actor_17\03-01-08-01-01-02-17.wav,03-01-08-01-01-02-17.wav,398992,03,01,8,surprised,1,normal,1,Kids are talking by the door,2,17,Actor_17,male,3
B:\Experiments\Project Peter\Data\Raw\Actor_17\03-01-08-02-01-01-17.wav,03-01-08-02-01-01-17.wav,389370,03,01,8,surprised,2,strong,1,Kids are talking by the door,1,17,Actor_17,male,3
B:\Experiments\Project Peter\Data\Raw\Actor_17\03-01-08-02-01-02-17.wav,03-01-08-02-01-02-17.wav,402202,03,01,8,surprised,2,strong,1,Kids are talking by the door,2,17,Actor_17,male,3
B:\Experiments\Project Peter\Data\Raw\Actor_17\03-01-08-01-02-01-17.wav,03-01-08-01-02-01-17.wav,373376,03,01,8,surprised,1,normal,2,Dogs are sitting by the door,1,17,Actor_17,male,3
B:\Experiments\Project Peter\Data\Raw\Actor_17\03-01-08-01-02-02-17.wav,03-01-08-01-02-02-17.wav,379782,03,01,8,surprised,1,normal,2,Dogs are sitting by the door,2,17,Actor_17,male,3
B:\Experiments\Project Peter\Data\Raw\Actor_17\03-01-08-02-02-01-17.wav,03-01-08-02-02-01-17.wav,379780,03,01,8,surprised,2,strong,2,Dogs are sitting by the door,1,17,Actor_17,male,3
B:\Experiments\Project Peter\Data\Raw\Actor_17\03-01-08-02-02-02-17.wav,03-01-08-02-02-02-17.wav,389388,03,01,8,surprised,2,strong,2,Dogs are sitting by the door,2,17,Actor_17,male,3
B:\Experiments\Project Peter\Data\Raw\Actor_18\03-01-01-01-01-01-18.wav,03-01-01-01-01-01-18.wav,392870,03,01,1,neutral,1,normal,1,Kids are talking by the door,1,18,Actor_18,female,3
B:\Experiments\Project Peter\Data\Raw\Actor_18\03-01-01-01-01-02-18.wav,03-01-01-01-01-02-18.wav,399276,03,01,1,neutral,1,normal,1,Kids are talking by the door,2,18,Actor_18,female,3
B:\Experiments\Project Peter\Data\Raw\Actor_18\03-01-01-01-02-01-18.wav,03-01-01-01-02-01-18.wav,392650,03,01,1,neutral,1,normal,2,Dogs are sitting by the door,1,18,Actor_18,female,3
B:\Experiments\Project Peter\Data\Raw\Actor_18\03-01-01-01-02-02-18.wav,03-01-01-01-02-02-18.wav,392852,03,01,1,neutral,1,normal,2,Dogs are sitting by the door,2,18,Actor_18,female,3
B:\Experiments\Project Peter\Data\Raw\Actor_18\03-01-02-01-01-01-18.wav,03-01-02-01-01-01-18.wav,392992,03,01,2,calm,1,normal,1,Kids are talking by the door,1,18,Actor_18,female,3
B:\Experiments\Project Peter\Data\Raw\Actor_18\03-01-02-01-01-02-18.wav,03-01-02-01-01-02-18.wav,386588,03,01,2,calm,1,normal,1,Kids are talking by the door,2,18,Actor_18,female,3
B:\Experiments\Project Peter\Data\Raw\Actor_18\03-01-02-02-01-01-18.wav,03-01-02-02-01-01-18.wav,405806,03,01,2,calm,2,strong,1,Kids are talking by the door,1,18,Actor_18,female,3
B:\Experiments\Project Peter\Data\Raw\Actor_18\03-01-02-02-01-02-18.wav,03-01-02-02-01-02-18.wav,405806,03,01,2,calm,2,strong,1,Kids are talking by the door,2,18,Actor_18,female,3
B:\Experiments\Project Peter\Data\Raw\Actor_18\03-01-02-01-02-01-18.wav,03-01-02-01-02-01-18.wav,409010,03,01,2,calm,1,normal,2,Dogs are sitting by the door,1,18,Actor_18,female,3
B:\Experiments\Project Peter\Data\Raw\Actor_18\03-01-02-01-02-02-18.wav,03-01-02-01-02-02-18.wav,396196,03,01,2,calm,1,normal,2,Dogs are sitting by the door,2,18,Actor_18,female,3
B:\Experiments\Project Peter\Data\Raw\Actor_18\03-01-02-02-02-01-18.wav,03-01-02-02-02-01-18.wav,405804,03,01,2,calm,2,strong,2,Dogs are sitting by the door,1,18,Actor_18,female,3
B:\Experiments\Project Peter\Data\Raw\Actor_18\03-01-02-02-02-02-18.wav,03-01-02-02-02-02-18.wav,405806,03,01,2,calm,2,strong,2,Dogs are sitting by the door,2,18,Actor_18,female,3
B:\Experiments\Project Peter\Data\Raw\Actor_18\03-01-03-01-01-01-18.wav,03-01-03-01-01-01-18.wav,386586,03,01,3,happy,1,normal,1,Kids are talking by the door,1,18,Actor_18,female,3
B:\Experiments\Project Peter\Data\Raw\Actor_18\03-01-03-01-01-02-18.wav,03-01-03-01-01-02-18.wav,383382,03,01,3,happy,1,normal,1,Kids are talking by the door,2,18,Actor_18,female,3
B:\Experiments\Project Peter\Data\Raw\Actor_18\03-01-03-02-01-01-18.wav,03-01-03-02-01-01-18.wav,421816,03,01,3,happy,2,strong,1,Kids are talking by the door,1,18,Actor_18,female,3
B:\Experiments\Project Peter\Data\Raw\Actor_18\03-01-03-02-01-02-18.wav,03-01-03-02-01-02-18.wav,437836,03,01,3,happy,2,strong,1,Kids are talking by the door,2,18,Actor_18,female,3
B:\Experiments\Project Peter\Data\Raw\Actor_18\03-01-03-01-02-01-18.wav,03-01-03-01-02-01-18.wav,389788,03,01,3,happy,1,normal,2,Dogs are sitting by the door,1,18,Actor_18,female,3
B:\Experiments\Project Peter\Data\Raw\Actor_18\03-01-03-01-02-02-18.wav,03-01-03-01-02-02-18.wav,396196,03,01,3,happy,1,normal,2,Dogs are sitting by the door,2,18,Actor_18,female,3
B:\Experiments\Project Peter\Data\Raw\Actor_18\03-01-03-02-02-01-18.wav,03-01-03-02-02-01-18.wav,421820,03,01,3,happy,2,strong,2,Dogs are sitting by the door,1,18,Actor_18,female,3
B:\Experiments\Project Peter\Data\Raw\Actor_18\03-01-03-02-02-02-18.wav,03-01-03-02-02-02-18.wav,428912,03,01,3,happy,2,strong,2,Dogs are sitting by the door,2,18,Actor_18,female,3
B:\Experiments\Project Peter\Data\Raw\Actor_18\03-01-04-01-01-01-18.wav,03-01-04-01-01-01-18.wav,402476,03,01,4,sad,1,normal,1,Kids are talking by the door,1,18,Actor_18,female,3
B:\Experiments\Project Peter\Data\Raw\Actor_18\03-01-04-01-01-02-18.wav,03-01-04-01-01-02-18.wav,408884,03,01,4,sad,1,normal,1,Kids are talking by the door,2,18,Actor_18,female,3
B:\Experiments\Project Peter\Data\Raw\Actor_18\03-01-04-02-01-01-18.wav,03-01-04-02-01-01-18.wav,424902,03,01,4,sad,2,strong,1,Kids are talking by the door,1,18,Actor_18,female,3
B:\Experiments\Project Peter\Data\Raw\Actor_18\03-01-04-02-01-02-18.wav,03-01-04-02-01-02-18.wav,428106,03,01,4,sad,2,strong,1,Kids are talking by the door,2,18,Actor_18,female,3
B:\Experiments\Project Peter\Data\Raw\Actor_18\03-01-04-01-02-01-18.wav,03-01-04-01-02-01-18.wav,399276,03,01,4,sad,1,normal,2,Dogs are sitting by the door,1,18,Actor_18,female,3
B:\Experiments\Project Peter\Data\Raw\Actor_18\03-01-04-01-02-02-18.wav,03-01-04-01-02-02-18.wav,408884,03,01,4,sad,1,normal,2,Dogs are sitting by the door,2,18,Actor_18,female,3
B:\Experiments\Project Peter\Data\Raw\Actor_18\03-01-04-02-02-01-18.wav,03-01-04-02-02-01-18.wav,456936,03,01,4,sad,2,strong,2,Dogs are sitting by the door,1,18,Actor_18,female,3
B:\Experiments\Project Peter\Data\Raw\Actor_18\03-01-04-02-02-02-18.wav,03-01-04-02-02-02-18.wav,428106,03,01,4,sad,2,strong,2,Dogs are sitting by the door,2,18,Actor_18,female,3
B:\Experiments\Project Peter\Data\Raw\Actor_18\03-01-05-01-01-01-18.wav,03-01-05-01-01-01-18.wav,434512,03,01,5,angry,1,normal,1,Kids are talking by the door,1,18,Actor_18,female,3
B:\Experiments\Project Peter\Data\Raw\Actor_18\03-01-05-01-01-02-18.wav,03-01-05-01-01-02-18.wav,460138,03,01,5,angry,1,normal,1,Kids are talking by the door,2,18,Actor_18,female,3
B:\Experiments\Project Peter\Data\Raw\Actor_18\03-01-05-02-01-01-18.wav,03-01-05-02-01-01-18.wav,415394,03,01,5,angry,2,strong,1,Kids are talking by the door,1,18,Actor_18,female,3
B:\Experiments\Project Peter\Data\Raw\Actor_18\03-01-05-02-01-02-18.wav,03-01-05-02-01-02-18.wav,421804,03,01,5,angry,2,strong,1,Kids are talking by the door,2,18,Actor_18,female,3
B:\Experiments\Project Peter\Data\Raw\Actor_18\03-01-05-01-02-01-18.wav,03-01-05-01-02-01-18.wav,402452,03,01,5,angry,1,normal,2,Dogs are sitting by the door,1,18,Actor_18,female,3
B:\Experiments\Project Peter\Data\Raw\Actor_18\03-01-05-01-02-02-18.wav,03-01-05-01-02-02-18.wav,408888,03,01,5,angry,1,normal,2,Dogs are sitting by the door,2,18,Actor_18,female,3
B:\Experiments\Project Peter\Data\Raw\Actor_18\03-01-05-02-02-01-18.wav,03-01-05-02-02-01-18.wav,428206,03,01,5,angry,2,strong,2,Dogs are sitting by the door,1,18,Actor_18,female,3
B:\Experiments\Project Peter\Data\Raw\Actor_18\03-01-05-02-02-02-18.wav,03-01-05-02-02-02-18.wav,466620,03,01,5,angry,2,strong,2,Dogs are sitting by the door,2,18,Actor_18,female,3
B:\Experiments\Project Peter\Data\Raw\Actor_18\03-01-06-01-01-01-18.wav,03-01-06-01-01-01-18.wav,389786,03,01,6,fearful,1,normal,1,Kids are talking by the door,1,18,Actor_18,female,3
B:\Experiments\Project Peter\Data\Raw\Actor_18\03-01-06-01-01-02-18.wav,03-01-06-01-01-02-18.wav,386582,03,01,6,fearful,1,normal,1,Kids are talking by the door,2,18,Actor_18,female,3
B:\Experiments\Project Peter\Data\Raw\Actor_18\03-01-06-02-01-01-18.wav,03-01-06-02-01-01-18.wav,418616,03,01,6,fearful,2,strong,1,Kids are talking by the door,1,18,Actor_18,female,3
B:\Experiments\Project Peter\Data\Raw\Actor_18\03-01-06-02-01-02-18.wav,03-01-06-02-01-02-18.wav,460256,03,01,6,fearful,2,strong,1,Kids are talking by the door,2,18,Actor_18,female,3
B:\Experiments\Project Peter\Data\Raw\Actor_18\03-01-06-01-02-01-18.wav,03-01-06-01-02-01-18.wav,392974,03,01,6,fearful,1,normal,2,Dogs are sitting by the door,1,18,Actor_18,female,3
B:\Experiments\Project Peter\Data\Raw\Actor_18\03-01-06-01-02-02-18.wav,03-01-06-01-02-02-18.wav,392982,03,01,6,fearful,1,normal,2,Dogs are sitting by the door,2,18,Actor_18,female,3
B:\Experiments\Project Peter\Data\Raw\Actor_18\03-01-06-02-02-01-18.wav,03-01-06-02-02-01-18.wav,425022,03,01,6,fearful,2,strong,2,Dogs are sitting by the door,1,18,Actor_18,female,3
B:\Experiments\Project Peter\Data\Raw\Actor_18\03-01-06-02-02-02-18.wav,03-01-06-02-02-02-18.wav,425020,03,01,6,fearful,2,strong,2,Dogs are sitting by the door,2,18,Actor_18,female,3
B:\Experiments\Project Peter\Data\Raw\Actor_18\03-01-07-01-01-01-18.wav,03-01-07-01-01-01-18.wav,473070,03,01,7,disgust,1,normal,1,Kids are talking by the door,1,18,Actor_18,female,3
B:\Experiments\Project Peter\Data\Raw\Actor_18\03-01-07-01-01-02-18.wav,03-01-07-01-01-02-18.wav,450652,03,01,7,disgust,1,normal,1,Kids are talking by the door,2,18,Actor_18,female,3
B:\Experiments\Project Peter\Data\Raw\Actor_18\03-01-07-02-01-01-18.wav,03-01-07-02-01-01-18.wav,517916,03,01,7,disgust,2,strong,1,Kids are talking by the door,1,18,Actor_18,female,3
B:\Experiments\Project Peter\Data\Raw\Actor_18\03-01-07-02-01-02-18.wav,03-01-07-02-01-02-18.wav,489090,03,01,7,disgust,2,strong,1,Kids are talking by the door,2,18,Actor_18,female,3
B:\Experiments\Project Peter\Data\Raw\Actor_18\03-01-07-01-02-01-18.wav,03-01-07-01-02-01-18.wav,412208,03,01,7,disgust,1,normal,2,Dogs are sitting by the door,1,18,Actor_18,female,3
B:\Experiments\Project Peter\Data\Raw\Actor_18\03-01-07-01-02-02-18.wav,03-01-07-01-02-02-18.wav,479476,03,01,7,disgust,1,normal,2,Dogs are sitting by the door,2,18,Actor_18,female,3
B:\Experiments\Project Peter\Data\Raw\Actor_18\03-01-07-02-02-01-18.wav,03-01-07-02-02-01-18.wav,505104,03,01,7,disgust,2,strong,2,Dogs are sitting by the door,1,18,Actor_18,female,3
B:\Experiments\Project Peter\Data\Raw\Actor_18\03-01-07-02-02-02-18.wav,03-01-07-02-02-02-18.wav,498698,03,01,7,disgust,2,strong,2,Dogs are sitting by the door,2,18,Actor_18,female,3
B:\Experiments\Project Peter\Data\Raw\Actor_18\03-01-08-01-01-01-18.wav,03-01-08-01-01-01-18.wav,383382,03,01,8,surprised,1,normal,1,Kids are talking by the door,1,18,Actor_18,female,3
B:\Experiments\Project Peter\Data\Raw\Actor_18\03-01-08-01-01-02-18.wav,03-01-08-01-01-02-18.wav,396196,03,01,8,surprised,1,normal,1,Kids are talking by the door,2,18,Actor_18,female,3
B:\Experiments\Project Peter\Data\Raw\Actor_18\03-01-08-02-01-01-18.wav,03-01-08-02-01-01-18.wav,409002,03,01,8,surprised,2,strong,1,Kids are talking by the door,1,18,Actor_18,female,3
B:\Experiments\Project Peter\Data\Raw\Actor_18\03-01-08-02-01-02-18.wav,03-01-08-02-01-02-18.wav,399392,03,01,8,surprised,2,strong,1,Kids are talking by the door,2,18,Actor_18,female,3
B:\Experiments\Project Peter\Data\Raw\Actor_18\03-01-08-01-02-01-18.wav,03-01-08-01-02-01-18.wav,396196,03,01,8,surprised,1,normal,2,Dogs are sitting by the door,1,18,Actor_18,female,3
B:\Experiments\Project Peter\Data\Raw\Actor_18\03-01-08-01-02-02-18.wav,03-01-08-01-02-02-18.wav,396196,03,01,8,surprised,1,normal,2,Dogs are sitting by the door,2,18,Actor_18,female,3
B:\Experiments\Project Peter\Data\Raw\Actor_18\03-01-08-02-02-01-18.wav,03-01-08-02-02-01-18.wav,431432,03,01,8,surprised,2,strong,2,Dogs are sitting by the door,1,18,Actor_18,female,3
B:\Experiments\Project Peter\Data\Raw\Actor_18\03-01-08-02-02-02-18.wav,03-01-08-02-02-02-18.wav,409008,03,01,8,surprised,2,strong,2,Dogs are sitting by the door,2,18,Actor_18,female,3
B:\Experiments\Project Peter\Data\Raw\Actor_19\03-01-01-01-01-01-19.wav,03-01-01-01-01-01-19.wav,371630,03,01,1,neutral,1,normal,1,Kids are talking by the door,1,19,Actor_19,male,1
B:\Experiments\Project Peter\Data\Raw\Actor_19\03-01-01-01-01-02-19.wav,03-01-01-01-01-02-19.wav,358822,03,01,1,neutral,1,normal,1,Kids are talking by the door,2,19,Actor_19,male,1
B:\Experiments\Project Peter\Data\Raw\Actor_19\03-01-01-01-02-01-19.wav,03-01-01-01-02-01-19.wav,368422,03,01,1,neutral,1,normal,2,Dogs are sitting by the door,1,19,Actor_19,male,1
B:\Experiments\Project Peter\Data\Raw\Actor_19\03-01-01-01-02-02-19.wav,03-01-01-01-02-02-19.wav,365218,03,01,1,neutral,1,normal,2,Dogs are sitting by the door,2,19,Actor_19,male,1
B:\Experiments\Project Peter\Data\Raw\Actor_19\03-01-02-01-01-01-19.wav,03-01-02-01-01-01-19.wav,400464,03,01,2,calm,1,normal,1,Kids are talking by the door,1,19,Actor_19,male,1
B:\Experiments\Project Peter\Data\Raw\Actor_19\03-01-02-01-01-02-19.wav,03-01-02-01-01-02-19.wav,400464,03,01,2,calm,1,normal,1,Kids are talking by the door,2,19,Actor_19,male,1
B:\Experiments\Project Peter\Data\Raw\Actor_19\03-01-02-02-01-01-19.wav,03-01-02-02-01-01-19.wav,477344,03,01,2,calm,2,strong,1,Kids are talking by the door,1,19,Actor_19,male,1
B:\Experiments\Project Peter\Data\Raw\Actor_19\03-01-02-02-01-02-19.wav,03-01-02-02-01-02-19.wav,435702,03,01,2,calm,2,strong,1,Kids are talking by the door,2,19,Actor_19,male,1
B:\Experiments\Project Peter\Data\Raw\Actor_19\03-01-02-01-02-01-19.wav,03-01-02-01-02-01-19.wav,368432,03,01,2,calm,1,normal,2,Dogs are sitting by the door,1,19,Actor_19,male,1
B:\Experiments\Project Peter\Data\Raw\Actor_19\03-01-02-01-02-02-19.wav,03-01-02-01-02-02-19.wav,381244,03,01,2,calm,1,normal,2,Dogs are sitting by the door,2,19,Actor_19,male,1
B:\Experiments\Project Peter\Data\Raw\Actor_19\03-01-02-02-02-01-19.wav,03-01-02-02-02-01-19.wav,490152,03,01,2,calm,2,strong,2,Dogs are sitting by the door,1,19,Actor_19,male,1
B:\Experiments\Project Peter\Data\Raw\Actor_19\03-01-02-02-02-02-19.wav,03-01-02-02-02-02-19.wav,461324,03,01,2,calm,2,strong,2,Dogs are sitting by the door,2,19,Actor_19,male,1
B:\Experiments\Project Peter\Data\Raw\Actor_19\03-01-03-01-01-01-19.wav,03-01-03-01-01-01-19.wav,397264,03,01,3,happy,1,normal,1,Kids are talking by the door,1,19,Actor_19,male,1
B:\Experiments\Project Peter\Data\Raw\Actor_19\03-01-03-01-01-02-19.wav,03-01-03-01-01-02-19.wav,403672,03,01,3,happy,1,normal,1,Kids are talking by the door,2,19,Actor_19,male,1
B:\Experiments\Project Peter\Data\Raw\Actor_19\03-01-03-02-01-01-19.wav,03-01-03-02-01-01-19.wav,410078,03,01,3,happy,2,strong,1,Kids are talking by the door,1,19,Actor_19,male,1
B:\Experiments\Project Peter\Data\Raw\Actor_19\03-01-03-02-01-02-19.wav,03-01-03-02-01-02-19.wav,413280,03,01,3,happy,2,strong,1,Kids are talking by the door,2,19,Actor_19,male,1
B:\Experiments\Project Peter\Data\Raw\Actor_19\03-01-03-01-02-01-19.wav,03-01-03-01-02-01-19.wav,362030,03,01,3,happy,1,normal,2,Dogs are sitting by the door,1,19,Actor_19,male,1
B:\Experiments\Project Peter\Data\Raw\Actor_19\03-01-03-01-02-02-19.wav,03-01-03-01-02-02-19.wav,365234,03,01,3,happy,1,normal,2,Dogs are sitting by the door,2,19,Actor_19,male,1
B:\Experiments\Project Peter\Data\Raw\Actor_19\03-01-03-02-02-01-19.wav,03-01-03-02-02-01-19.wav,470938,03,01,3,happy,2,strong,2,Dogs are sitting by the door,1,19,Actor_19,male,1
B:\Experiments\Project Peter\Data\Raw\Actor_19\03-01-03-02-02-02-19.wav,03-01-03-02-02-02-19.wav,432500,03,01,3,happy,2,strong,2,Dogs are sitting by the door,2,19,Actor_19,male,1
B:\Experiments\Project Peter\Data\Raw\Actor_19\03-01-04-01-01-01-19.wav,03-01-04-01-01-01-19.wav,378050,03,01,4,sad,1,normal,1,Kids are talking by the door,1,19,Actor_19,male,1
B:\Experiments\Project Peter\Data\Raw\Actor_19\03-01-04-01-01-02-19.wav,03-01-04-01-01-02-19.wav,400474,03,01,4,sad,1,normal,1,Kids are talking by the door,2,19,Actor_19,male,1
B:\Experiments\Project Peter\Data\Raw\Actor_19\03-01-04-02-01-01-19.wav,03-01-04-02-01-01-19.wav,432506,03,01,4,sad,2,strong,1,Kids are talking by the door,1,19,Actor_19,male,1
B:\Experiments\Project Peter\Data\Raw\Actor_19\03-01-04-02-01-02-19.wav,03-01-04-02-01-02-19.wav,403678,03,01,4,sad,2,strong,1,Kids are talking by the door,2,19,Actor_19,male,1
B:\Experiments\Project Peter\Data\Raw\Actor_19\03-01-04-01-02-01-19.wav,03-01-04-01-02-01-19.wav,352424,03,01,4,sad,1,normal,2,Dogs are sitting by the door,1,19,Actor_19,male,1
B:\Experiments\Project Peter\Data\Raw\Actor_19\03-01-04-01-02-02-19.wav,03-01-04-01-02-02-19.wav,400472,03,01,4,sad,1,normal,2,Dogs are sitting by the door,2,19,Actor_19,male,1
B:\Experiments\Project Peter\Data\Raw\Actor_19\03-01-04-02-02-01-19.wav,03-01-04-02-02-01-19.wav,374850,03,01,4,sad,2,strong,2,Dogs are sitting by the door,1,19,Actor_19,male,1
B:\Experiments\Project Peter\Data\Raw\Actor_19\03-01-04-02-02-02-19.wav,03-01-04-02-02-02-19.wav,406882,03,01,4,sad,2,strong,2,Dogs are sitting by the door,2,19,Actor_19,male,1
B:\Experiments\Project Peter\Data\Raw\Actor_19\03-01-05-01-01-01-19.wav,03-01-05-01-01-01-19.wav,409506,03,01,5,angry,1,normal,1,Kids are talking by the door,1,19,Actor_19,male,1
B:\Experiments\Project Peter\Data\Raw\Actor_19\03-01-05-01-01-02-19.wav,03-01-05-01-01-02-19.wav,403672,03,01,5,angry,1,normal,1,Kids are talking by the door,2,19,Actor_19,male,1
B:\Experiments\Project Peter\Data\Raw\Actor_19\03-01-05-02-01-01-19.wav,03-01-05-02-01-01-19.wav,429306,03,01,5,angry,2,strong,1,Kids are talking by the door,1,19,Actor_19,male,1
B:\Experiments\Project Peter\Data\Raw\Actor_19\03-01-05-02-01-02-19.wav,03-01-05-02-01-02-19.wav,509384,03,01,5,angry,2,strong,1,Kids are talking by the door,2,19,Actor_19,male,1
B:\Experiments\Project Peter\Data\Raw\Actor_19\03-01-05-01-02-01-19.wav,03-01-05-01-02-01-19.wav,365242,03,01,5,angry,1,normal,2,Dogs are sitting by the door,1,19,Actor_19,male,1
B:\Experiments\Project Peter\Data\Raw\Actor_19\03-01-05-01-02-02-19.wav,03-01-05-01-02-02-19.wav,390866,03,01,5,angry,1,normal,2,Dogs are sitting by the door,2,19,Actor_19,male,1
B:\Experiments\Project Peter\Data\Raw\Actor_19\03-01-05-02-02-01-19.wav,03-01-05-02-02-01-19.wav,464540,03,01,5,angry,2,strong,2,Dogs are sitting by the door,1,19,Actor_19,male,1
B:\Experiments\Project Peter\Data\Raw\Actor_19\03-01-05-02-02-02-19.wav,03-01-05-02-02-02-19.wav,442118,03,01,5,angry,2,strong,2,Dogs are sitting by the door,2,19,Actor_19,male,1
B:\Experiments\Project Peter\Data\Raw\Actor_19\03-01-06-01-01-01-19.wav,03-01-06-01-01-01-19.wav,403598,03,01,6,fearful,1,normal,1,Kids are talking by the door,1,19,Actor_19,male,1
B:\Experiments\Project Peter\Data\Raw\Actor_19\03-01-06-01-01-02-19.wav,03-01-06-01-01-02-19.wav,384454,03,01,6,fearful,1,normal,1,Kids are talking by the door,2,19,Actor_19,male,1
B:\Experiments\Project Peter\Data\Raw\Actor_19\03-01-06-02-01-01-19.wav,03-01-06-02-01-01-19.wav,416490,03,01,6,fearful,2,strong,1,Kids are talking by the door,1,19,Actor_19,male,1
B:\Experiments\Project Peter\Data\Raw\Actor_19\03-01-06-02-01-02-19.wav,03-01-06-02-01-02-19.wav,467738,03,01,6,fearful,2,strong,1,Kids are talking by the door,2,19,Actor_19,male,1
B:\Experiments\Project Peter\Data\Raw\Actor_19\03-01-06-01-02-01-19.wav,03-01-06-01-02-01-19.wav,410086,03,01,6,fearful,1,normal,2,Dogs are sitting by the door,1,19,Actor_19,male,1
B:\Experiments\Project Peter\Data\Raw\Actor_19\03-01-06-01-02-02-19.wav,03-01-06-01-02-02-19.wav,387664,03,01,6,fearful,1,normal,2,Dogs are sitting by the door,2,19,Actor_19,male,1
B:\Experiments\Project Peter\Data\Raw\Actor_19\03-01-06-02-02-01-19.wav,03-01-06-02-02-01-19.wav,390864,03,01,6,fearful,2,strong,2,Dogs are sitting by the door,1,19,Actor_19,male,1
B:\Experiments\Project Peter\Data\Raw\Actor_19\03-01-06-02-02-02-19.wav,03-01-06-02-02-02-19.wav,435708,03,01,6,fearful,2,strong,2,Dogs are sitting by the door,2,19,Actor_19,male,1
B:\Experiments\Project Peter\Data\Raw\Actor_19\03-01-07-01-01-01-19.wav,03-01-07-01-01-01-19.wav,461334,03,01,7,disgust,1,normal,1,Kids are talking by the door,1,19,Actor_19,male,1
B:\Experiments\Project Peter\Data\Raw\Actor_19\03-01-07-01-01-02-19.wav,03-01-07-01-01-02-19.wav,512584,03,01,7,disgust,1,normal,1,Kids are talking by the door,2,19,Actor_19,male,1
B:\Experiments\Project Peter\Data\Raw\Actor_19\03-01-07-02-01-01-19.wav,03-01-07-02-01-01-19.wav,509384,03,01,7,disgust,2,strong,1,Kids are talking by the door,1,19,Actor_19,male,1
B:\Experiments\Project Peter\Data\Raw\Actor_19\03-01-07-02-01-02-19.wav,03-01-07-02-01-02-19.wav,554228,03,01,7,disgust,2,strong,1,Kids are talking by the door,2,19,Actor_19,male,1
B:\Experiments\Project Peter\Data\Raw\Actor_19\03-01-07-01-02-01-19.wav,03-01-07-01-02-01-19.wav,448520,03,01,7,disgust,1,normal,2,Dogs are sitting by the door,1,19,Actor_19,male,1
B:\Experiments\Project Peter\Data\Raw\Actor_19\03-01-07-01-02-02-19.wav,03-01-07-01-02-02-19.wav,424916,03,01,7,disgust,1,normal,2,Dogs are sitting by the door,2,19,Actor_19,male,1
B:\Experiments\Project Peter\Data\Raw\Actor_19\03-01-07-02-02-01-19.wav,03-01-07-02-02-01-19.wav,518992,03,01,7,disgust,2,strong,2,Dogs are sitting by the door,1,19,Actor_19,male,1
B:\Experiments\Project Peter\Data\Raw\Actor_19\03-01-07-02-02-02-19.wav,03-01-07-02-02-02-19.wav,522196,03,01,7,disgust,2,strong,2,Dogs are sitting by the door,2,19,Actor_19,male,1
B:\Experiments\Project Peter\Data\Raw\Actor_19\03-01-08-01-01-01-19.wav,03-01-08-01-01-01-19.wav,406882,03,01,8,surprised,1,normal,1,Kids are talking by the door,1,19,Actor_19,male,1
B:\Experiments\Project Peter\Data\Raw\Actor_19\03-01-08-01-01-02-19.wav,03-01-08-01-01-02-19.wav,387662,03,01,8,surprised,1,normal,1,Kids are talking by the door,2,19,Actor_19,male,1
B:\Experiments\Project Peter\Data\Raw\Actor_19\03-01-08-02-01-01-19.wav,03-01-08-02-01-01-19.wav,442114,03,01,8,surprised,2,strong,1,Kids are talking by the door,1,19,Actor_19,male,1
B:\Experiments\Project Peter\Data\Raw\Actor_19\03-01-08-02-01-02-19.wav,03-01-08-02-01-02-19.wav,493366,03,01,8,surprised,2,strong,1,Kids are talking by the door,2,19,Actor_19,male,1
B:\Experiments\Project Peter\Data\Raw\Actor_19\03-01-08-01-02-01-19.wav,03-01-08-01-02-01-19.wav,442116,03,01,8,surprised,1,normal,2,Dogs are sitting by the door,1,19,Actor_19,male,1
B:\Experiments\Project Peter\Data\Raw\Actor_19\03-01-08-01-02-02-19.wav,03-01-08-01-02-02-19.wav,342820,03,01,8,surprised,1,normal,2,Dogs are sitting by the door,2,19,Actor_19,male,1
B:\Experiments\Project Peter\Data\Raw\Actor_19\03-01-08-02-02-01-19.wav,03-01-08-02-02-01-19.wav,358826,03,01,8,surprised,2,strong,2,Dogs are sitting by the door,1,19,Actor_19,male,1
B:\Experiments\Project Peter\Data\Raw\Actor_19\03-01-08-02-02-02-19.wav,03-01-08-02-02-02-19.wav,362028,03,01,8,surprised,2,strong,2,Dogs are sitting by the door,2,19,Actor_19,male,1
B:\Experiments\Project Peter\Data\Raw\Actor_20\03-01-01-01-01-01-20.wav,03-01-01-01-01-01-20.wav,393062,03,01,1,neutral,1,normal,1,Kids are talking by the door,1,20,Actor_20,female,4
B:\Experiments\Project Peter\Data\Raw\Actor_20\03-01-01-01-01-02-20.wav,03-01-01-01-01-02-20.wav,402686,03,01,1,neutral,1,normal,1,Kids are talking by the door,2,20,Actor_20,female,4
B:\Experiments\Project Peter\Data\Raw\Actor_20\03-01-01-01-02-01-20.wav,03-01-01-01-02-01-20.wav,389658,03,01,1,neutral,1,normal,2,Dogs are sitting by the door,1,20,Actor_20,female,4
B:\Experiments\Project Peter\Data\Raw\Actor_20\03-01-01-01-02-02-20.wav,03-01-01-01-02-02-20.wav,399470,03,01,1,neutral,1,normal,2,Dogs are sitting by the door,2,20,Actor_20,female,4
B:\Experiments\Project Peter\Data\Raw\Actor_20\03-01-02-01-01-01-20.wav,03-01-02-01-01-01-20.wav,409104,03,01,2,calm,1,normal,1,Kids are talking by the door,1,20,Actor_20,female,4
B:\Experiments\Project Peter\Data\Raw\Actor_20\03-01-02-01-01-02-20.wav,03-01-02-01-01-02-20.wav,402702,03,01,2,calm,1,normal,1,Kids are talking by the door,2,20,Actor_20,female,4
B:\Experiments\Project Peter\Data\Raw\Actor_20\03-01-02-02-01-01-20.wav,03-01-02-02-01-01-20.wav,431532,03,01,2,calm,2,strong,1,Kids are talking by the door,1,20,Actor_20,female,4
B:\Experiments\Project Peter\Data\Raw\Actor_20\03-01-02-02-01-02-20.wav,03-01-02-02-01-02-20.wav,450752,03,01,2,calm,2,strong,1,Kids are talking by the door,2,20,Actor_20,female,4
B:\Experiments\Project Peter\Data\Raw\Actor_20\03-01-02-01-02-01-20.wav,03-01-02-01-02-01-20.wav,380284,03,01,2,calm,1,normal,2,Dogs are sitting by the door,1,20,Actor_20,female,4
B:\Experiments\Project Peter\Data\Raw\Actor_20\03-01-02-01-02-02-20.wav,03-01-02-01-02-02-20.wav,396192,03,01,2,calm,1,normal,2,Dogs are sitting by the door,2,20,Actor_20,female,4
B:\Experiments\Project Peter\Data\Raw\Actor_20\03-01-02-02-02-01-20.wav,03-01-02-02-02-01-20.wav,409108,03,01,2,calm,2,strong,2,Dogs are sitting by the door,1,20,Actor_20,female,4
B:\Experiments\Project Peter\Data\Raw\Actor_20\03-01-02-02-02-02-20.wav,03-01-02-02-02-02-20.wav,409110,03,01,2,calm,2,strong,2,Dogs are sitting by the door,2,20,Actor_20,female,4
B:\Experiments\Project Peter\Data\Raw\Actor_20\03-01-03-01-01-01-20.wav,03-01-03-01-01-01-20.wav,399490,03,01,3,happy,1,normal,1,Kids are talking by the door,1,20,Actor_20,female,4
B:\Experiments\Project Peter\Data\Raw\Actor_20\03-01-03-01-01-02-20.wav,03-01-03-01-01-02-20.wav,415514,03,01,3,happy,1,normal,1,Kids are talking by the door,2,20,Actor_20,female,4
B:\Experiments\Project Peter\Data\Raw\Actor_20\03-01-03-02-01-01-20.wav,03-01-03-02-01-01-20.wav,412316,03,01,3,happy,2,strong,1,Kids are talking by the door,1,20,Actor_20,female,4
B:\Experiments\Project Peter\Data\Raw\Actor_20\03-01-03-02-01-02-20.wav,03-01-03-02-01-02-20.wav,473176,03,01,3,happy,2,strong,1,Kids are talking by the door,2,20,Actor_20,female,4
B:\Experiments\Project Peter\Data\Raw\Actor_20\03-01-03-01-02-01-20.wav,03-01-03-01-02-01-20.wav,725050,03,01,3,happy,1,normal,2,Dogs are sitting by the door,1,20,Actor_20,female,4
B:\Experiments\Project Peter\Data\Raw\Actor_20\03-01-03-01-02-02-20.wav,03-01-03-01-02-02-20.wav,386686,03,01,3,happy,1,normal,2,Dogs are sitting by the door,2,20,Actor_20,female,4
B:\Experiments\Project Peter\Data\Raw\Actor_20\03-01-03-02-02-01-20.wav,03-01-03-02-02-01-20.wav,402704,03,01,3,happy,2,strong,2,Dogs are sitting by the door,1,20,Actor_20,female,4
B:\Experiments\Project Peter\Data\Raw\Actor_20\03-01-03-02-02-02-20.wav,03-01-03-02-02-02-20.wav,415520,03,01,3,happy,2,strong,2,Dogs are sitting by the door,2,20,Actor_20,female,4
B:\Experiments\Project Peter\Data\Raw\Actor_20\03-01-04-01-01-01-20.wav,03-01-04-01-01-01-20.wav,405892,03,01,4,sad,1,normal,1,Kids are talking by the door,1,20,Actor_20,female,4
B:\Experiments\Project Peter\Data\Raw\Actor_20\03-01-04-01-01-02-20.wav,03-01-04-01-01-02-20.wav,396284,03,01,4,sad,1,normal,1,Kids are talking by the door,2,20,Actor_20,female,4
B:\Experiments\Project Peter\Data\Raw\Actor_20\03-01-04-02-01-01-20.wav,03-01-04-02-01-01-20.wav,421910,03,01,4,sad,2,strong,1,Kids are talking by the door,1,20,Actor_20,female,4
B:\Experiments\Project Peter\Data\Raw\Actor_20\03-01-04-02-01-02-20.wav,03-01-04-02-01-02-20.wav,466754,03,01,4,sad,2,strong,1,Kids are talking by the door,2,20,Actor_20,female,4
B:\Experiments\Project Peter\Data\Raw\Actor_20\03-01-04-01-02-01-20.wav,03-01-04-01-02-01-20.wav,393080,03,01,4,sad,1,normal,2,Dogs are sitting by the door,1,20,Actor_20,female,4
B:\Experiments\Project Peter\Data\Raw\Actor_20\03-01-04-01-02-02-20.wav,03-01-04-01-02-02-20.wav,383472,03,01,4,sad,1,normal,2,Dogs are sitting by the door,2,20,Actor_20,female,4
B:\Experiments\Project Peter\Data\Raw\Actor_20\03-01-04-02-02-01-20.wav,03-01-04-02-02-01-20.wav,425114,03,01,4,sad,2,strong,2,Dogs are sitting by the door,1,20,Actor_20,female,4
B:\Experiments\Project Peter\Data\Raw\Actor_20\03-01-04-02-02-02-20.wav,03-01-04-02-02-02-20.wav,441128,03,01,4,sad,2,strong,2,Dogs are sitting by the door,2,20,Actor_20,female,4
B:\Experiments\Project Peter\Data\Raw\Actor_20\03-01-05-01-01-01-20.wav,03-01-05-01-01-01-20.wav,370656,03,01,5,angry,1,normal,1,Kids are talking by the door,1,20,Actor_20,female,4
B:\Experiments\Project Peter\Data\Raw\Actor_20\03-01-05-01-01-02-20.wav,03-01-05-01-01-02-20.wav,418702,03,01,5,angry,1,normal,1,Kids are talking by the door,2,20,Actor_20,female,4
B:\Experiments\Project Peter\Data\Raw\Actor_20\03-01-05-02-01-01-20.wav,03-01-05-02-01-01-20.wav,457142,03,01,5,angry,2,strong,1,Kids are talking by the door,1,20,Actor_20,female,4
B:\Experiments\Project Peter\Data\Raw\Actor_20\03-01-05-02-01-02-20.wav,03-01-05-02-01-02-20.wav,450734,03,01,5,angry,2,strong,1,Kids are talking by the door,2,20,Actor_20,female,4
B:\Experiments\Project Peter\Data\Raw\Actor_20\03-01-05-01-02-01-20.wav,03-01-05-01-02-01-20.wav,412284,03,01,5,angry,1,normal,2,Dogs are sitting by the door,1,20,Actor_20,female,4
B:\Experiments\Project Peter\Data\Raw\Actor_20\03-01-05-01-02-02-20.wav,03-01-05-01-02-02-20.wav,425104,03,01,5,angry,1,normal,2,Dogs are sitting by the door,2,20,Actor_20,female,4
B:\Experiments\Project Peter\Data\Raw\Actor_20\03-01-05-02-02-01-20.wav,03-01-05-02-02-01-20.wav,482768,03,01,5,angry,2,strong,2,Dogs are sitting by the door,1,20,Actor_20,female,4
B:\Experiments\Project Peter\Data\Raw\Actor_20\03-01-05-02-02-02-20.wav,03-01-05-02-02-02-20.wav,399482,03,01,5,angry,2,strong,2,Dogs are sitting by the door,2,20,Actor_20,female,4
B:\Experiments\Project Peter\Data\Raw\Actor_20\03-01-06-01-01-01-20.wav,03-01-06-01-01-01-20.wav,425128,03,01,6,fearful,1,normal,1,Kids are talking by the door,1,20,Actor_20,female,4
B:\Experiments\Project Peter\Data\Raw\Actor_20\03-01-06-01-01-02-20.wav,03-01-06-01-01-02-20.wav,899200,03,01,6,fearful,1,normal,1,Kids are talking by the door,2,20,Actor_20,female,4
B:\Experiments\Project Peter\Data\Raw\Actor_20\03-01-06-02-01-01-20.wav,03-01-06-02-01-01-20.wav,466768,03,01,6,fearful,2,strong,1,Kids are talking by the door,1,20,Actor_20,female,4
B:\Experiments\Project Peter\Data\Raw\Actor_20\03-01-06-02-01-02-20.wav,03-01-06-02-01-02-20.wav,460362,03,01,6,fearful,2,strong,1,Kids are talking by the door,2,20,Actor_20,female,4
B:\Experiments\Project Peter\Data\Raw\Actor_20\03-01-06-01-02-01-20.wav,03-01-06-01-02-01-20.wav,437922,03,01,6,fearful,1,normal,2,Dogs are sitting by the door,1,20,Actor_20,female,4
B:\Experiments\Project Peter\Data\Raw\Actor_20\03-01-06-01-02-02-20.wav,03-01-06-01-02-02-20.wav,377066,03,01,6,fearful,1,normal,2,Dogs are sitting by the door,2,20,Actor_20,female,4
B:\Experiments\Project Peter\Data\Raw\Actor_20\03-01-06-02-02-01-20.wav,03-01-06-02-02-01-20.wav,430388,03,01,6,fearful,2,strong,2,Dogs are sitting by the door,1,20,Actor_20,female,4
B:\Experiments\Project Peter\Data\Raw\Actor_20\03-01-06-02-02-02-20.wav,03-01-06-02-02-02-20.wav,434738,03,01,6,fearful,2,strong,2,Dogs are sitting by the door,2,20,Actor_20,female,4
B:\Experiments\Project Peter\Data\Raw\Actor_20\03-01-07-01-01-01-20.wav,03-01-07-01-01-01-20.wav,431532,03,01,7,disgust,1,normal,1,Kids are talking by the door,1,20,Actor_20,female,4
B:\Experiments\Project Peter\Data\Raw\Actor_20\03-01-07-01-01-02-20.wav,03-01-07-01-01-02-20.wav,418720,03,01,7,disgust,1,normal,1,Kids are talking by the door,2,20,Actor_20,female,4
B:\Experiments\Project Peter\Data\Raw\Actor_20\03-01-07-02-01-01-20.wav,03-01-07-02-01-01-20.wav,453958,03,01,7,disgust,2,strong,1,Kids are talking by the door,1,20,Actor_20,female,4
B:\Experiments\Project Peter\Data\Raw\Actor_20\03-01-07-02-01-02-20.wav,03-01-07-02-01-02-20.wav,453956,03,01,7,disgust,2,strong,1,Kids are talking by the door,2,20,Actor_20,female,4
B:\Experiments\Project Peter\Data\Raw\Actor_20\03-01-07-01-02-01-20.wav,03-01-07-01-02-01-20.wav,409110,03,01,7,disgust,1,normal,2,Dogs are sitting by the door,1,20,Actor_20,female,4
B:\Experiments\Project Peter\Data\Raw\Actor_20\03-01-07-01-02-02-20.wav,03-01-07-01-02-02-20.wav,428330,03,01,7,disgust,1,normal,2,Dogs are sitting by the door,2,20,Actor_20,female,4
B:\Experiments\Project Peter\Data\Raw\Actor_20\03-01-07-02-02-01-20.wav,03-01-07-02-02-01-20.wav,514818,03,01,7,disgust,2,strong,2,Dogs are sitting by the door,1,20,Actor_20,female,4
B:\Experiments\Project Peter\Data\Raw\Actor_20\03-01-07-02-02-02-20.wav,03-01-07-02-02-02-20.wav,431524,03,01,7,disgust,2,strong,2,Dogs are sitting by the door,2,20,Actor_20,female,4
B:\Experiments\Project Peter\Data\Raw\Actor_20\03-01-08-01-01-01-20.wav,03-01-08-01-01-01-20.wav,370674,03,01,8,surprised,1,normal,1,Kids are talking by the door,1,20,Actor_20,female,4
B:\Experiments\Project Peter\Data\Raw\Actor_20\03-01-08-01-01-02-20.wav,03-01-08-01-01-02-20.wav,402706,03,01,8,surprised,1,normal,1,Kids are talking by the door,2,20,Actor_20,female,4
B:\Experiments\Project Peter\Data\Raw\Actor_20\03-01-08-02-01-01-20.wav,03-01-08-02-01-01-20.wav,418720,03,01,8,surprised,2,strong,1,Kids are talking by the door,1,20,Actor_20,female,4
B:\Experiments\Project Peter\Data\Raw\Actor_20\03-01-08-02-01-02-20.wav,03-01-08-02-01-02-20.wav,370674,03,01,8,surprised,2,strong,1,Kids are talking by the door,2,20,Actor_20,female,4
B:\Experiments\Project Peter\Data\Raw\Actor_20\03-01-08-01-02-01-20.wav,03-01-08-01-02-01-20.wav,361064,03,01,8,surprised,1,normal,2,Dogs are sitting by the door,1,20,Actor_20,female,4
B:\Experiments\Project Peter\Data\Raw\Actor_20\03-01-08-01-02-02-20.wav,03-01-08-01-02-02-20.wav,367468,03,01,8,surprised,1,normal,2,Dogs are sitting by the door,2,20,Actor_20,female,4
B:\Experiments\Project Peter\Data\Raw\Actor_20\03-01-08-02-02-01-20.wav,03-01-08-02-02-01-20.wav,399500,03,01,8,surprised,2,strong,2,Dogs are sitting by the door,1,20,Actor_20,female,4
B:\Experiments\Project Peter\Data\Raw\Actor_20\03-01-08-02-02-02-20.wav,03-01-08-02-02-02-20.wav,389892,03,01,8,surprised,2,strong,2,Dogs are sitting by the door,2,20,Actor_20,female,4
B:\Experiments\Project Peter\Data\Raw\Actor_21\03-01-01-01-01-01-21.wav,03-01-01-01-01-01-21.wav,427648,03,01,1,neutral,1,normal,1,Kids are talking by the door,1,21,Actor_21,male,0
B:\Experiments\Project Peter\Data\Raw\Actor_21\03-01-01-01-01-02-21.wav,03-01-01-01-01-02-21.wav,440474,03,01,1,neutral,1,normal,1,Kids are talking by the door,2,21,Actor_21,male,0
B:\Experiments\Project Peter\Data\Raw\Actor_21\03-01-01-01-02-01-21.wav,03-01-01-01-02-01-21.wav,405024,03,01,1,neutral,1,normal,2,Dogs are sitting by the door,1,21,Actor_21,male,0
B:\Experiments\Project Peter\Data\Raw\Actor_21\03-01-01-01-02-02-21.wav,03-01-01-01-02-02-21.wav,411632,03,01,1,neutral,1,normal,2,Dogs are sitting by the door,2,21,Actor_21,male,0
B:\Experiments\Project Peter\Data\Raw\Actor_21\03-01-02-01-01-01-21.wav,03-01-02-01-01-01-21.wav,446874,03,01,2,calm,1,normal,1,Kids are talking by the door,1,21,Actor_21,male,0
B:\Experiments\Project Peter\Data\Raw\Actor_21\03-01-02-01-01-02-21.wav,03-01-02-01-01-02-21.wav,443674,03,01,2,calm,1,normal,1,Kids are talking by the door,2,21,Actor_21,male,0
B:\Experiments\Project Peter\Data\Raw\Actor_21\03-01-02-02-01-01-21.wav,03-01-02-02-01-01-21.wav,443674,03,01,2,calm,2,strong,1,Kids are talking by the door,1,21,Actor_21,male,0
B:\Experiments\Project Peter\Data\Raw\Actor_21\03-01-02-02-01-02-21.wav,03-01-02-02-01-02-21.wav,459690,03,01,2,calm,2,strong,1,Kids are talking by the door,2,21,Actor_21,male,0
B:\Experiments\Project Peter\Data\Raw\Actor_21\03-01-02-01-02-01-21.wav,03-01-02-01-02-01-21.wav,424460,03,01,2,calm,1,normal,2,Dogs are sitting by the door,1,21,Actor_21,male,0
B:\Experiments\Project Peter\Data\Raw\Actor_21\03-01-02-01-02-02-21.wav,03-01-02-01-02-02-21.wav,450072,03,01,2,calm,1,normal,2,Dogs are sitting by the door,2,21,Actor_21,male,0
B:\Experiments\Project Peter\Data\Raw\Actor_21\03-01-02-02-02-01-21.wav,03-01-02-02-02-01-21.wav,456482,03,01,2,calm,2,strong,2,Dogs are sitting by the door,1,21,Actor_21,male,0
B:\Experiments\Project Peter\Data\Raw\Actor_21\03-01-02-02-02-02-21.wav,03-01-02-02-02-02-21.wav,440470,03,01,2,calm,2,strong,2,Dogs are sitting by the door,2,21,Actor_21,male,0
B:\Experiments\Project Peter\Data\Raw\Actor_21\03-01-03-01-01-01-21.wav,03-01-03-01-01-01-21.wav,427658,03,01,3,happy,1,normal,1,Kids are talking by the door,1,21,Actor_21,male,0
B:\Experiments\Project Peter\Data\Raw\Actor_21\03-01-03-01-01-02-21.wav,03-01-03-01-01-02-21.wav,424454,03,01,3,happy,1,normal,1,Kids are talking by the door,2,21,Actor_21,male,0
B:\Experiments\Project Peter\Data\Raw\Actor_21\03-01-03-02-01-01-21.wav,03-01-03-02-01-01-21.wav,424454,03,01,3,happy,2,strong,1,Kids are talking by the door,1,21,Actor_21,male,0
B:\Experiments\Project Peter\Data\Raw\Actor_21\03-01-03-02-01-02-21.wav,03-01-03-02-01-02-21.wav,437268,03,01,3,happy,2,strong,1,Kids are talking by the door,2,21,Actor_21,male,0
B:\Experiments\Project Peter\Data\Raw\Actor_21\03-01-03-01-02-01-21.wav,03-01-03-01-02-01-21.wav,414846,03,01,3,happy,1,normal,2,Dogs are sitting by the door,1,21,Actor_21,male,0
B:\Experiments\Project Peter\Data\Raw\Actor_21\03-01-03-01-02-02-21.wav,03-01-03-01-02-02-21.wav,427658,03,01,3,happy,1,normal,2,Dogs are sitting by the door,2,21,Actor_21,male,0
B:\Experiments\Project Peter\Data\Raw\Actor_21\03-01-03-02-02-01-21.wav,03-01-03-02-02-01-21.wav,411642,03,01,3,happy,2,strong,2,Dogs are sitting by the door,1,21,Actor_21,male,0
B:\Experiments\Project Peter\Data\Raw\Actor_21\03-01-03-02-02-02-21.wav,03-01-03-02-02-02-21.wav,424454,03,01,3,happy,2,strong,2,Dogs are sitting by the door,2,21,Actor_21,male,0
B:\Experiments\Project Peter\Data\Raw\Actor_21\03-01-04-01-01-01-21.wav,03-01-04-01-01-01-21.wav,472516,03,01,4,sad,1,normal,1,Kids are talking by the door,1,21,Actor_21,male,0
B:\Experiments\Project Peter\Data\Raw\Actor_21\03-01-04-01-01-02-21.wav,03-01-04-01-01-02-21.wav,501346,03,01,4,sad,1,normal,1,Kids are talking by the door,2,21,Actor_21,male,0
B:\Experiments\Project Peter\Data\Raw\Actor_21\03-01-04-02-01-01-21.wav,03-01-04-02-01-01-21.wav,459706,03,01,4,sad,2,strong,1,Kids are talking by the door,1,21,Actor_21,male,0
B:\Experiments\Project Peter\Data\Raw\Actor_21\03-01-04-02-01-02-21.wav,03-01-04-02-01-02-21.wav,469314,03,01,4,sad,2,strong,1,Kids are talking by the door,2,21,Actor_21,male,0
B:\Experiments\Project Peter\Data\Raw\Actor_21\03-01-04-01-02-01-21.wav,03-01-04-01-02-01-21.wav,450096,03,01,4,sad,1,normal,2,Dogs are sitting by the door,1,21,Actor_21,male,0
B:\Experiments\Project Peter\Data\Raw\Actor_21\03-01-04-01-02-02-21.wav,03-01-04-01-02-02-21.wav,462906,03,01,4,sad,1,normal,2,Dogs are sitting by the door,2,21,Actor_21,male,0
B:\Experiments\Project Peter\Data\Raw\Actor_21\03-01-04-02-02-01-21.wav,03-01-04-02-02-01-21.wav,469314,03,01,4,sad,2,strong,2,Dogs are sitting by the door,1,21,Actor_21,male,0
B:\Experiments\Project Peter\Data\Raw\Actor_21\03-01-04-02-02-02-21.wav,03-01-04-02-02-02-21.wav,456502,03,01,4,sad,2,strong,2,Dogs are sitting by the door,2,21,Actor_21,male,0
B:\Experiments\Project Peter\Data\Raw\Actor_21\03-01-05-01-01-01-21.wav,03-01-05-01-01-01-21.wav,456508,03,01,5,angry,1,normal,1,Kids are talking by the door,1,21,Actor_21,male,0
B:\Experiments\Project Peter\Data\Raw\Actor_21\03-01-05-01-01-02-21.wav,03-01-05-01-01-02-21.wav,443694,03,01,5,angry,1,normal,1,Kids are talking by the door,2,21,Actor_21,male,0
B:\Experiments\Project Peter\Data\Raw\Actor_21\03-01-05-02-01-01-21.wav,03-01-05-02-01-01-21.wav,478926,03,01,5,angry,2,strong,1,Kids are talking by the door,1,21,Actor_21,male,0
B:\Experiments\Project Peter\Data\Raw\Actor_21\03-01-05-02-01-02-21.wav,03-01-05-02-01-02-21.wav,488538,03,01,5,angry,2,strong,1,Kids are talking by the door,2,21,Actor_21,male,0
B:\Experiments\Project Peter\Data\Raw\Actor_21\03-01-05-01-02-01-21.wav,03-01-05-01-02-01-21.wav,450096,03,01,5,angry,1,normal,2,Dogs are sitting by the door,1,21,Actor_21,male,0
B:\Experiments\Project Peter\Data\Raw\Actor_21\03-01-05-01-02-02-21.wav,03-01-05-01-02-02-21.wav,437284,03,01,5,angry,1,normal,2,Dogs are sitting by the door,2,21,Actor_21,male,0
B:\Experiments\Project Peter\Data\Raw\Actor_21\03-01-05-02-02-01-21.wav,03-01-05-02-02-01-21.wav,453302,03,01,5,angry,2,strong,2,Dogs are sitting by the door,1,21,Actor_21,male,0
B:\Experiments\Project Peter\Data\Raw\Actor_21\03-01-05-02-02-02-21.wav,03-01-05-02-02-02-21.wav,466112,03,01,5,angry,2,strong,2,Dogs are sitting by the door,2,21,Actor_21,male,0
B:\Experiments\Project Peter\Data\Raw\Actor_21\03-01-06-01-01-01-21.wav,03-01-06-01-01-01-21.wav,411674,03,01,6,fearful,1,normal,1,Kids are talking by the door,1,21,Actor_21,male,0
B:\Experiments\Project Peter\Data\Raw\Actor_21\03-01-06-01-01-02-21.wav,03-01-06-01-01-02-21.wav,421282,03,01,6,fearful,1,normal,1,Kids are talking by the door,2,21,Actor_21,male,0
B:\Experiments\Project Peter\Data\Raw\Actor_21\03-01-06-02-01-01-21.wav,03-01-06-02-01-01-21.wav,440498,03,01,6,fearful,2,strong,1,Kids are talking by the door,1,21,Actor_21,male,0
B:\Experiments\Project Peter\Data\Raw\Actor_21\03-01-06-02-01-02-21.wav,03-01-06-02-01-02-21.wav,427686,03,01,6,fearful,2,strong,1,Kids are talking by the door,2,21,Actor_21,male,0
B:\Experiments\Project Peter\Data\Raw\Actor_21\03-01-06-01-02-01-21.wav,03-01-06-01-02-01-21.wav,440502,03,01,6,fearful,1,normal,2,Dogs are sitting by the door,1,21,Actor_21,male,0
B:\Experiments\Project Peter\Data\Raw\Actor_21\03-01-06-01-02-02-21.wav,03-01-06-01-02-02-21.wav,450106,03,01,6,fearful,1,normal,2,Dogs are sitting by the door,2,21,Actor_21,male,0
B:\Experiments\Project Peter\Data\Raw\Actor_21\03-01-06-02-02-01-21.wav,03-01-06-02-02-01-21.wav,421276,03,01,6,fearful,2,strong,2,Dogs are sitting by the door,1,21,Actor_21,male,0
B:\Experiments\Project Peter\Data\Raw\Actor_21\03-01-06-02-02-02-21.wav,03-01-06-02-02-02-21.wav,408462,03,01,6,fearful,2,strong,2,Dogs are sitting by the door,2,21,Actor_21,male,0
B:\Experiments\Project Peter\Data\Raw\Actor_21\03-01-07-01-01-01-21.wav,03-01-07-01-01-01-21.wav,424484,03,01,7,disgust,1,normal,1,Kids are talking by the door,1,21,Actor_21,male,0
B:\Experiments\Project Peter\Data\Raw\Actor_21\03-01-07-01-01-02-21.wav,03-01-07-01-01-02-21.wav,450116,03,01,7,disgust,1,normal,1,Kids are talking by the door,2,21,Actor_21,male,0
B:\Experiments\Project Peter\Data\Raw\Actor_21\03-01-07-02-01-01-21.wav,03-01-07-02-01-01-21.wav,450114,03,01,7,disgust,2,strong,1,Kids are talking by the door,1,21,Actor_21,male,0
B:\Experiments\Project Peter\Data\Raw\Actor_21\03-01-07-02-01-02-21.wav,03-01-07-02-01-02-21.wav,446908,03,01,7,disgust,2,strong,1,Kids are talking by the door,2,21,Actor_21,male,0
B:\Experiments\Project Peter\Data\Raw\Actor_21\03-01-07-01-02-01-21.wav,03-01-07-01-02-01-21.wav,408472,03,01,7,disgust,1,normal,2,Dogs are sitting by the door,1,21,Actor_21,male,0
B:\Experiments\Project Peter\Data\Raw\Actor_21\03-01-07-01-02-02-21.wav,03-01-07-01-02-02-21.wav,405266,03,01,7,disgust,1,normal,2,Dogs are sitting by the door,2,21,Actor_21,male,0
B:\Experiments\Project Peter\Data\Raw\Actor_21\03-01-07-02-02-01-21.wav,03-01-07-02-02-01-21.wav,459724,03,01,7,disgust,2,strong,2,Dogs are sitting by the door,1,21,Actor_21,male,0
B:\Experiments\Project Peter\Data\Raw\Actor_21\03-01-07-02-02-02-21.wav,03-01-07-02-02-02-21.wav,440504,03,01,7,disgust,2,strong,2,Dogs are sitting by the door,2,21,Actor_21,male,0
B:\Experiments\Project Peter\Data\Raw\Actor_21\03-01-08-01-01-01-21.wav,03-01-08-01-01-01-21.wav,395630,03,01,8,surprised,1,normal,1,Kids are talking by the door,1,21,Actor_21,male,0
B:\Experiments\Project Peter\Data\Raw\Actor_21\03-01-08-01-01-02-21.wav,03-01-08-01-01-02-21.wav,392426,03,01,8,surprised,1,normal,1,Kids are talking by the door,2,21,Actor_21,male,0
B:\Experiments\Project Peter\Data\Raw\Actor_21\03-01-08-02-01-01-21.wav,03-01-08-02-01-01-21.wav,408456,03,01,8,surprised,2,strong,1,Kids are talking by the door,1,21,Actor_21,male,0
B:\Experiments\Project Peter\Data\Raw\Actor_21\03-01-08-02-01-02-21.wav,03-01-08-02-01-02-21.wav,408458,03,01,8,surprised,2,strong,1,Kids are talking by the door,2,21,Actor_21,male,0
B:\Experiments\Project Peter\Data\Raw\Actor_21\03-01-08-01-02-01-21.wav,03-01-08-01-02-01-21.wav,392428,03,01,8,surprised,1,normal,2,Dogs are sitting by the door,1,21,Actor_21,male,0
B:\Experiments\Project Peter\Data\Raw\Actor_21\03-01-08-01-02-02-21.wav,03-01-08-01-02-02-21.wav,402036,03,01,8,surprised,1,normal,2,Dogs are sitting by the door,2,21,Actor_21,male,0
B:\Experiments\Project Peter\Data\Raw\Actor_21\03-01-08-02-02-01-21.wav,03-01-08-02-02-01-21.wav,392434,03,01,8,surprised,2,strong,2,Dogs are sitting by the door,1,21,Actor_21,male,0
B:\Experiments\Project Peter\Data\Raw\Actor_21\03-01-08-02-02-02-21.wav,03-01-08-02-02-02-21.wav,398848,03,01,8,surprised,2,strong,2,Dogs are sitting by the door,2,21,Actor_21,male,0
B:\Experiments\Project Peter\Data\Raw\Actor_22\03-01-01-01-01-01-22.wav,03-01-01-01-01-01-22.wav,407592,03,01,1,neutral,1,normal,1,Kids are talking by the door,1,22,Actor_22,female,1
B:\Experiments\Project Peter\Data\Raw\Actor_22\03-01-01-01-01-02-22.wav,03-01-01-01-01-02-22.wav,388386,03,01,1,neutral,1,normal,1,Kids are talking by the door,2,22,Actor_22,female,1
B:\Experiments\Project Peter\Data\Raw\Actor_22\03-01-01-01-02-01-22.wav,03-01-01-01-02-01-22.wav,404180,03,01,1,neutral,1,normal,2,Dogs are sitting by the door,1,22,Actor_22,female,1
B:\Experiments\Project Peter\Data\Raw\Actor_22\03-01-01-01-02-02-22.wav,03-01-01-01-02-02-22.wav,397980,03,01,1,neutral,1,normal,2,Dogs are sitting by the door,2,22,Actor_22,female,1
B:\Experiments\Project Peter\Data\Raw\Actor_22\03-01-02-01-01-01-22.wav,03-01-02-01-01-01-22.wav,397994,03,01,2,calm,1,normal,1,Kids are talking by the door,1,22,Actor_22,female,1
B:\Experiments\Project Peter\Data\Raw\Actor_22\03-01-02-01-01-02-22.wav,03-01-02-01-01-02-22.wav,400048,03,01,2,calm,1,normal,1,Kids are talking by the door,2,22,Actor_22,female,1
B:\Experiments\Project Peter\Data\Raw\Actor_22\03-01-02-02-01-01-22.wav,03-01-02-02-01-01-22.wav,414012,03,01,2,calm,2,strong,1,Kids are talking by the door,1,22,Actor_22,female,1
B:\Experiments\Project Peter\Data\Raw\Actor_22\03-01-02-02-01-02-22.wav,03-01-02-02-01-02-22.wav,426824,03,01,2,calm,2,strong,1,Kids are talking by the door,2,22,Actor_22,female,1
B:\Experiments\Project Peter\Data\Raw\Actor_22\03-01-02-01-02-01-22.wav,03-01-02-01-02-01-22.wav,401198,03,01,2,calm,1,normal,2,Dogs are sitting by the door,1,22,Actor_22,female,1
B:\Experiments\Project Peter\Data\Raw\Actor_22\03-01-02-01-02-02-22.wav,03-01-02-01-02-02-22.wav,397996,03,01,2,calm,1,normal,2,Dogs are sitting by the door,2,22,Actor_22,female,1
B:\Experiments\Project Peter\Data\Raw\Actor_22\03-01-02-02-02-01-22.wav,03-01-02-02-02-01-22.wav,407604,03,01,2,calm,2,strong,2,Dogs are sitting by the door,1,22,Actor_22,female,1
B:\Experiments\Project Peter\Data\Raw\Actor_22\03-01-02-02-02-02-22.wav,03-01-02-02-02-02-22.wav,420418,03,01,2,calm,2,strong,2,Dogs are sitting by the door,2,22,Actor_22,female,1
B:\Experiments\Project Peter\Data\Raw\Actor_22\03-01-03-01-01-01-22.wav,03-01-03-01-01-01-22.wav,397996,03,01,3,happy,1,normal,1,Kids are talking by the door,1,22,Actor_22,female,1
B:\Experiments\Project Peter\Data\Raw\Actor_22\03-01-03-01-01-02-22.wav,03-01-03-01-01-02-22.wav,388386,03,01,3,happy,1,normal,1,Kids are talking by the door,2,22,Actor_22,female,1
B:\Experiments\Project Peter\Data\Raw\Actor_22\03-01-03-02-01-01-22.wav,03-01-03-02-01-01-22.wav,417216,03,01,3,happy,2,strong,1,Kids are talking by the door,1,22,Actor_22,female,1
B:\Experiments\Project Peter\Data\Raw\Actor_22\03-01-03-02-01-02-22.wav,03-01-03-02-01-02-22.wav,426812,03,01,3,happy,2,strong,1,Kids are talking by the door,2,22,Actor_22,female,1
B:\Experiments\Project Peter\Data\Raw\Actor_22\03-01-03-01-02-01-22.wav,03-01-03-01-02-01-22.wav,394792,03,01,3,happy,1,normal,2,Dogs are sitting by the door,1,22,Actor_22,female,1
B:\Experiments\Project Peter\Data\Raw\Actor_22\03-01-03-01-02-02-22.wav,03-01-03-01-02-02-22.wav,394790,03,01,3,happy,1,normal,2,Dogs are sitting by the door,2,22,Actor_22,female,1
B:\Experiments\Project Peter\Data\Raw\Actor_22\03-01-03-02-02-01-22.wav,03-01-03-02-02-01-22.wav,410808,03,01,3,happy,2,strong,2,Dogs are sitting by the door,1,22,Actor_22,female,1
B:\Experiments\Project Peter\Data\Raw\Actor_22\03-01-03-02-02-02-22.wav,03-01-03-02-02-02-22.wav,436434,03,01,3,happy,2,strong,2,Dogs are sitting by the door,2,22,Actor_22,female,1
B:\Experiments\Project Peter\Data\Raw\Actor_22\03-01-04-01-01-01-22.wav,03-01-04-01-01-01-22.wav,404416,03,01,4,sad,1,normal,1,Kids are talking by the door,1,22,Actor_22,female,1
B:\Experiments\Project Peter\Data\Raw\Actor_22\03-01-04-01-01-02-22.wav,03-01-04-01-01-02-22.wav,414026,03,01,4,sad,1,normal,1,Kids are talking by the door,2,22,Actor_22,female,1
B:\Experiments\Project Peter\Data\Raw\Actor_22\03-01-04-02-01-01-22.wav,03-01-04-02-01-01-22.wav,417228,03,01,4,sad,2,strong,1,Kids are talking by the door,1,22,Actor_22,female,1
B:\Experiments\Project Peter\Data\Raw\Actor_22\03-01-04-02-01-02-22.wav,03-01-04-02-01-02-22.wav,407620,03,01,4,sad,2,strong,1,Kids are talking by the door,2,22,Actor_22,female,1
B:\Experiments\Project Peter\Data\Raw\Actor_22\03-01-04-01-02-01-22.wav,03-01-04-01-02-01-22.wav,410818,03,01,4,sad,1,normal,2,Dogs are sitting by the door,1,22,Actor_22,female,1
B:\Experiments\Project Peter\Data\Raw\Actor_22\03-01-04-01-02-02-22.wav,03-01-04-01-02-02-22.wav,414022,03,01,4,sad,1,normal,2,Dogs are sitting by the door,2,22,Actor_22,female,1
B:\Experiments\Project Peter\Data\Raw\Actor_22\03-01-04-02-02-01-22.wav,03-01-04-02-02-01-22.wav,417230,03,01,4,sad,2,strong,2,Dogs are sitting by the door,1,22,Actor_22,female,1
B:\Experiments\Project Peter\Data\Raw\Actor_22\03-01-04-02-02-02-22.wav,03-01-04-02-02-02-22.wav,426838,03,01,4,sad,2,strong,2,Dogs are sitting by the door,2,22,Actor_22,female,1
B:\Experiments\Project Peter\Data\Raw\Actor_22\03-01-05-01-01-01-22.wav,03-01-05-01-01-01-22.wav,414028,03,01,5,angry,1,normal,1,Kids are talking by the door,1,22,Actor_22,female,1
B:\Experiments\Project Peter\Data\Raw\Actor_22\03-01-05-01-01-02-22.wav,03-01-05-01-01-02-22.wav,417230,03,01,5,angry,1,normal,1,Kids are talking by the door,2,22,Actor_22,female,1
B:\Experiments\Project Peter\Data\Raw\Actor_22\03-01-05-02-01-01-22.wav,03-01-05-02-01-01-22.wav,430044,03,01,5,angry,2,strong,1,Kids are talking by the door,1,22,Actor_22,female,1
B:\Experiments\Project Peter\Data\Raw\Actor_22\03-01-05-02-01-02-22.wav,03-01-05-02-01-02-22.wav,433246,03,01,5,angry,2,strong,1,Kids are talking by the door,2,22,Actor_22,female,1
B:\Experiments\Project Peter\Data\Raw\Actor_22\03-01-05-01-02-01-22.wav,03-01-05-01-02-01-22.wav,430038,03,01,5,angry,1,normal,2,Dogs are sitting by the door,1,22,Actor_22,female,1
B:\Experiments\Project Peter\Data\Raw\Actor_22\03-01-05-01-02-02-22.wav,03-01-05-01-02-02-22.wav,446056,03,01,5,angry,1,normal,2,Dogs are sitting by the door,2,22,Actor_22,female,1
B:\Experiments\Project Peter\Data\Raw\Actor_22\03-01-05-02-02-01-22.wav,03-01-05-02-02-01-22.wav,465280,03,01,5,angry,2,strong,2,Dogs are sitting by the door,1,22,Actor_22,female,1
B:\Experiments\Project Peter\Data\Raw\Actor_22\03-01-05-02-02-02-22.wav,03-01-05-02-02-02-22.wav,462076,03,01,5,angry,2,strong,2,Dogs are sitting by the door,2,22,Actor_22,female,1
B:\Experiments\Project Peter\Data\Raw\Actor_22\03-01-06-01-01-01-22.wav,03-01-06-01-01-01-22.wav,401216,03,01,6,fearful,1,normal,1,Kids are talking by the door,1,22,Actor_22,female,1
B:\Experiments\Project Peter\Data\Raw\Actor_22\03-01-06-01-01-02-22.wav,03-01-06-01-01-02-22.wav,404418,03,01,6,fearful,1,normal,1,Kids are talking by the door,2,22,Actor_22,female,1
B:\Experiments\Project Peter\Data\Raw\Actor_22\03-01-06-02-01-01-22.wav,03-01-06-02-01-01-22.wav,401214,03,01,6,fearful,2,strong,1,Kids are talking by the door,1,22,Actor_22,female,1
B:\Experiments\Project Peter\Data\Raw\Actor_22\03-01-06-02-01-02-22.wav,03-01-06-02-01-02-22.wav,401202,03,01,6,fearful,2,strong,1,Kids are talking by the door,2,22,Actor_22,female,1
B:\Experiments\Project Peter\Data\Raw\Actor_22\03-01-06-01-02-01-22.wav,03-01-06-01-02-01-22.wav,410824,03,01,6,fearful,1,normal,2,Dogs are sitting by the door,1,22,Actor_22,female,1
B:\Experiments\Project Peter\Data\Raw\Actor_22\03-01-06-01-02-02-22.wav,03-01-06-01-02-02-22.wav,398012,03,01,6,fearful,1,normal,2,Dogs are sitting by the door,2,22,Actor_22,female,1
B:\Experiments\Project Peter\Data\Raw\Actor_22\03-01-06-02-02-01-22.wav,03-01-06-02-02-01-22.wav,410824,03,01,6,fearful,2,strong,2,Dogs are sitting by the door,1,22,Actor_22,female,1
B:\Experiments\Project Peter\Data\Raw\Actor_22\03-01-06-02-02-02-22.wav,03-01-06-02-02-02-22.wav,404418,03,01,6,fearful,2,strong,2,Dogs are sitting by the door,2,22,Actor_22,female,1
B:\Experiments\Project Peter\Data\Raw\Actor_22\03-01-07-01-01-01-22.wav,03-01-07-01-01-01-22.wav,414022,03,01,7,disgust,1,normal,1,Kids are talking by the door,1,22,Actor_22,female,1
B:\Experiments\Project Peter\Data\Raw\Actor_22\03-01-07-01-01-02-22.wav,03-01-07-01-01-02-22.wav,433242,03,01,7,disgust,1,normal,1,Kids are talking by the door,2,22,Actor_22,female,1
B:\Experiments\Project Peter\Data\Raw\Actor_22\03-01-07-02-01-01-22.wav,03-01-07-02-01-01-22.wav,465274,03,01,7,disgust,2,strong,1,Kids are talking by the door,1,22,Actor_22,female,1
B:\Experiments\Project Peter\Data\Raw\Actor_22\03-01-07-02-01-02-22.wav,03-01-07-02-01-02-22.wav,458868,03,01,7,disgust,2,strong,1,Kids are talking by the door,2,22,Actor_22,female,1
B:\Experiments\Project Peter\Data\Raw\Actor_22\03-01-07-01-02-01-22.wav,03-01-07-01-02-01-22.wav,423632,03,01,7,disgust,1,normal,2,Dogs are sitting by the door,1,22,Actor_22,female,1
B:\Experiments\Project Peter\Data\Raw\Actor_22\03-01-07-01-02-02-22.wav,03-01-07-01-02-02-22.wav,426836,03,01,7,disgust,1,normal,2,Dogs are sitting by the door,2,22,Actor_22,female,1
B:\Experiments\Project Peter\Data\Raw\Actor_22\03-01-07-02-02-01-22.wav,03-01-07-02-02-01-22.wav,462072,03,01,7,disgust,2,strong,2,Dogs are sitting by the door,1,22,Actor_22,female,1
B:\Experiments\Project Peter\Data\Raw\Actor_22\03-01-07-02-02-02-22.wav,03-01-07-02-02-02-22.wav,452460,03,01,7,disgust,2,strong,2,Dogs are sitting by the door,2,22,Actor_22,female,1
B:\Experiments\Project Peter\Data\Raw\Actor_22\03-01-08-01-01-01-22.wav,03-01-08-01-01-01-22.wav,397992,03,01,8,surprised,1,normal,1,Kids are talking by the door,1,22,Actor_22,female,1
B:\Experiments\Project Peter\Data\Raw\Actor_22\03-01-08-01-01-02-22.wav,03-01-08-01-01-02-22.wav,401194,03,01,8,surprised,1,normal,1,Kids are talking by the door,2,22,Actor_22,female,1
B:\Experiments\Project Peter\Data\Raw\Actor_22\03-01-08-02-01-01-22.wav,03-01-08-02-01-01-22.wav,401194,03,01,8,surprised,2,strong,1,Kids are talking by the door,1,22,Actor_22,female,1
B:\Experiments\Project Peter\Data\Raw\Actor_22\03-01-08-02-01-02-22.wav,03-01-08-02-01-02-22.wav,417218,03,01,8,surprised,2,strong,1,Kids are talking by the door,2,22,Actor_22,female,1
B:\Experiments\Project Peter\Data\Raw\Actor_22\03-01-08-01-02-01-22.wav,03-01-08-01-02-01-22.wav,388378,03,01,8,surprised,1,normal,2,Dogs are sitting by the door,1,22,Actor_22,female,1
B:\Experiments\Project Peter\Data\Raw\Actor_22\03-01-08-01-02-02-22.wav,03-01-08-01-02-02-22.wav,404388,03,01,8,surprised,1,normal,2,Dogs are sitting by the door,2,22,Actor_22,female,1
B:\Experiments\Project Peter\Data\Raw\Actor_22\03-01-08-02-02-01-22.wav,03-01-08-02-02-01-22.wav,414008,03,01,8,surprised,2,strong,2,Dogs are sitting by the door,1,22,Actor_22,female,1
B:\Experiments\Project Peter\Data\Raw\Actor_22\03-01-08-02-02-02-22.wav,03-01-08-02-02-02-22.wav,407600,03,01,8,surprised,2,strong,2,Dogs are sitting by the door,2,22,Actor_22,female,1
B:\Experiments\Project Peter\Data\Raw\Actor_23\03-01-01-01-01-01-23.wav,03-01-01-01-01-01-23.wav,422306,03,01,1,neutral,1,normal,1,Kids are talking by the door,1,23,Actor_23,male,2
B:\Experiments\Project Peter\Data\Raw\Actor_23\03-01-01-01-01-02-23.wav,03-01-01-01-01-02-23.wav,415904,03,01,1,neutral,1,normal,1,Kids are talking by the door,2,23,Actor_23,male,2
B:\Experiments\Project Peter\Data\Raw\Actor_23\03-01-01-01-02-01-23.wav,03-01-01-01-02-01-23.wav,409508,03,01,1,neutral,1,normal,2,Dogs are sitting by the door,1,23,Actor_23,male,2
B:\Experiments\Project Peter\Data\Raw\Actor_23\03-01-01-01-02-02-23.wav,03-01-01-01-02-02-23.wav,425524,03,01,1,neutral,1,normal,2,Dogs are sitting by the door,2,23,Actor_23,male,2
B:\Experiments\Project Peter\Data\Raw\Actor_23\03-01-02-01-01-01-23.wav,03-01-02-01-01-01-23.wav,438336,03,01,2,calm,1,normal,1,Kids are talking by the door,1,23,Actor_23,male,2
B:\Experiments\Project Peter\Data\Raw\Actor_23\03-01-02-01-01-02-23.wav,03-01-02-01-01-02-23.wav,447946,03,01,2,calm,1,normal,1,Kids are talking by the door,2,23,Actor_23,male,2
B:\Experiments\Project Peter\Data\Raw\Actor_23\03-01-02-02-01-01-23.wav,03-01-02-02-01-01-23.wav,499198,03,01,2,calm,2,strong,1,Kids are talking by the door,1,23,Actor_23,male,2
B:\Experiments\Project Peter\Data\Raw\Actor_23\03-01-02-02-01-02-23.wav,03-01-02-02-01-02-23.wav,499196,03,01,2,calm,2,strong,1,Kids are talking by the door,2,23,Actor_23,male,2
B:\Experiments\Project Peter\Data\Raw\Actor_23\03-01-02-01-02-01-23.wav,03-01-02-01-02-01-23.wav,457556,03,01,2,calm,1,normal,2,Dogs are sitting by the door,1,23,Actor_23,male,2
B:\Experiments\Project Peter\Data\Raw\Actor_23\03-01-02-01-02-02-23.wav,03-01-02-01-02-02-23.wav,440404,03,01,2,calm,1,normal,2,Dogs are sitting by the door,2,23,Actor_23,male,2
B:\Experiments\Project Peter\Data\Raw\Actor_23\03-01-02-02-02-01-23.wav,03-01-02-02-02-01-23.wav,451152,03,01,2,calm,2,strong,2,Dogs are sitting by the door,1,23,Actor_23,male,2
B:\Experiments\Project Peter\Data\Raw\Actor_23\03-01-02-02-02-02-23.wav,03-01-02-02-02-02-23.wav,495996,03,01,2,calm,2,strong,2,Dogs are sitting by the door,2,23,Actor_23,male,2
B:\Experiments\Project Peter\Data\Raw\Actor_23\03-01-03-01-01-01-23.wav,03-01-03-01-01-01-23.wav,377478,03,01,3,happy,1,normal,1,Kids are talking by the door,1,23,Actor_23,male,2
B:\Experiments\Project Peter\Data\Raw\Actor_23\03-01-03-01-01-02-23.wav,03-01-03-01-01-02-23.wav,371072,03,01,3,happy,1,normal,1,Kids are talking by the door,2,23,Actor_23,male,2
B:\Experiments\Project Peter\Data\Raw\Actor_23\03-01-03-02-01-01-23.wav,03-01-03-02-01-01-23.wav,367870,03,01,3,happy,2,strong,1,Kids are talking by the door,1,23,Actor_23,male,2
B:\Experiments\Project Peter\Data\Raw\Actor_23\03-01-03-02-01-02-23.wav,03-01-03-02-01-02-23.wav,364664,03,01,3,happy,2,strong,1,Kids are talking by the door,2,23,Actor_23,male,2
B:\Experiments\Project Peter\Data\Raw\Actor_23\03-01-03-01-02-01-23.wav,03-01-03-01-02-01-23.wav,367868,03,01,3,happy,1,normal,2,Dogs are sitting by the door,1,23,Actor_23,male,2
B:\Experiments\Project Peter\Data\Raw\Actor_23\03-01-03-01-02-02-23.wav,03-01-03-01-02-02-23.wav,371072,03,01,3,happy,1,normal,2,Dogs are sitting by the door,2,23,Actor_23,male,2
B:\Experiments\Project Peter\Data\Raw\Actor_23\03-01-03-02-02-01-23.wav,03-01-03-02-02-01-23.wav,367860,03,01,3,happy,2,strong,2,Dogs are sitting by the door,1,23,Actor_23,male,2
B:\Experiments\Project Peter\Data\Raw\Actor_23\03-01-03-02-02-02-23.wav,03-01-03-02-02-02-23.wav,367864,03,01,3,happy,2,strong,2,Dogs are sitting by the door,2,23,Actor_23,male,2
B:\Experiments\Project Peter\Data\Raw\Actor_23\03-01-04-01-01-01-23.wav,03-01-04-01-01-01-23.wav,403114,03,01,4,sad,1,normal,1,Kids are talking by the door,1,23,Actor_23,male,2
B:\Experiments\Project Peter\Data\Raw\Actor_23\03-01-04-01-01-02-23.wav,03-01-04-01-01-02-23.wav,428740,03,01,4,sad,1,normal,1,Kids are talking by the door,2,23,Actor_23,male,2
B:\Experiments\Project Peter\Data\Raw\Actor_23\03-01-04-02-01-01-23.wav,03-01-04-02-01-01-23.wav,467158,03,01,4,sad,2,strong,1,Kids are talking by the door,1,23,Actor_23,male,2
B:\Experiments\Project Peter\Data\Raw\Actor_23\03-01-04-02-01-02-23.wav,03-01-04-02-01-02-23.wav,476786,03,01,4,sad,2,strong,1,Kids are talking by the door,2,23,Actor_23,male,2
B:\Experiments\Project Peter\Data\Raw\Actor_23\03-01-04-01-02-01-23.wav,03-01-04-01-02-01-23.wav,399910,03,01,4,sad,1,normal,2,Dogs are sitting by the door,1,23,Actor_23,male,2
B:\Experiments\Project Peter\Data\Raw\Actor_23\03-01-04-01-02-02-23.wav,03-01-04-01-02-02-23.wav,409520,03,01,4,sad,1,normal,2,Dogs are sitting by the door,2,23,Actor_23,male,2
B:\Experiments\Project Peter\Data\Raw\Actor_23\03-01-04-02-02-01-23.wav,03-01-04-02-02-01-23.wav,435146,03,01,4,sad,2,strong,2,Dogs are sitting by the door,1,23,Actor_23,male,2
B:\Experiments\Project Peter\Data\Raw\Actor_23\03-01-04-02-02-02-23.wav,03-01-04-02-02-02-23.wav,512022,03,01,4,sad,2,strong,2,Dogs are sitting by the door,2,23,Actor_23,male,2
B:\Experiments\Project Peter\Data\Raw\Actor_23\03-01-05-01-01-01-23.wav,03-01-05-01-01-01-23.wav,374286,03,01,5,angry,1,normal,1,Kids are talking by the door,1,23,Actor_23,male,2
B:\Experiments\Project Peter\Data\Raw\Actor_23\03-01-05-01-01-02-23.wav,03-01-05-01-01-02-23.wav,374286,03,01,5,angry,1,normal,1,Kids are talking by the door,2,23,Actor_23,male,2
B:\Experiments\Project Peter\Data\Raw\Actor_23\03-01-05-02-01-01-23.wav,03-01-05-02-01-01-23.wav,383894,03,01,5,angry,2,strong,1,Kids are talking by the door,1,23,Actor_23,male,2
B:\Experiments\Project Peter\Data\Raw\Actor_23\03-01-05-02-01-02-23.wav,03-01-05-02-01-02-23.wav,377486,03,01,5,angry,2,strong,1,Kids are talking by the door,2,23,Actor_23,male,2
B:\Experiments\Project Peter\Data\Raw\Actor_23\03-01-05-01-02-01-23.wav,03-01-05-01-02-01-23.wav,371082,03,01,5,angry,1,normal,2,Dogs are sitting by the door,1,23,Actor_23,male,2
B:\Experiments\Project Peter\Data\Raw\Actor_23\03-01-05-01-02-02-23.wav,03-01-05-01-02-02-23.wav,377482,03,01,5,angry,1,normal,2,Dogs are sitting by the door,2,23,Actor_23,male,2
B:\Experiments\Project Peter\Data\Raw\Actor_23\03-01-05-02-02-01-23.wav,03-01-05-02-02-01-23.wav,367878,03,01,5,angry,2,strong,2,Dogs are sitting by the door,1,23,Actor_23,male,2
B:\Experiments\Project Peter\Data\Raw\Actor_23\03-01-05-02-02-02-23.wav,03-01-05-02-02-02-23.wav,374284,03,01,5,angry,2,strong,2,Dogs are sitting by the door,2,23,Actor_23,male,2
B:\Experiments\Project Peter\Data\Raw\Actor_23\03-01-06-01-01-01-23.wav,03-01-06-01-01-01-23.wav,387098,03,01,6,fearful,1,normal,1,Kids are talking by the door,1,23,Actor_23,male,2
B:\Experiments\Project Peter\Data\Raw\Actor_23\03-01-06-01-01-02-23.wav,03-01-06-01-01-02-23.wav,367878,03,01,6,fearful,1,normal,1,Kids are talking by the door,2,23,Actor_23,male,2
B:\Experiments\Project Peter\Data\Raw\Actor_23\03-01-06-02-01-01-23.wav,03-01-06-02-01-01-23.wav,399896,03,01,6,fearful,2,strong,1,Kids are talking by the door,1,23,Actor_23,male,2
B:\Experiments\Project Peter\Data\Raw\Actor_23\03-01-06-02-01-02-23.wav,03-01-06-02-01-02-23.wav,387090,03,01,6,fearful,2,strong,1,Kids are talking by the door,2,23,Actor_23,male,2
B:\Experiments\Project Peter\Data\Raw\Actor_23\03-01-06-01-02-01-23.wav,03-01-06-01-02-01-23.wav,358268,03,01,6,fearful,1,normal,2,Dogs are sitting by the door,1,23,Actor_23,male,2
B:\Experiments\Project Peter\Data\Raw\Actor_23\03-01-06-01-02-02-23.wav,03-01-06-01-02-02-23.wav,354958,03,01,6,fearful,1,normal,2,Dogs are sitting by the door,2,23,Actor_23,male,2
B:\Experiments\Project Peter\Data\Raw\Actor_23\03-01-06-02-02-01-23.wav,03-01-06-02-02-01-23.wav,399908,03,01,6,fearful,2,strong,2,Dogs are sitting by the door,1,23,Actor_23,male,2
B:\Experiments\Project Peter\Data\Raw\Actor_23\03-01-06-02-02-02-23.wav,03-01-06-02-02-02-23.wav,396704,03,01,6,fearful,2,strong,2,Dogs are sitting by the door,2,23,Actor_23,male,2
B:\Experiments\Project Peter\Data\Raw\Actor_23\03-01-07-01-01-01-23.wav,03-01-07-01-01-01-23.wav,399906,03,01,7,disgust,1,normal,1,Kids are talking by the door,1,23,Actor_23,male,2
B:\Experiments\Project Peter\Data\Raw\Actor_23\03-01-07-01-01-02-23.wav,03-01-07-01-01-02-23.wav,399906,03,01,7,disgust,1,normal,1,Kids are talking by the door,2,23,Actor_23,male,2
B:\Experiments\Project Peter\Data\Raw\Actor_23\03-01-07-02-01-01-23.wav,03-01-07-02-01-01-23.wav,447954,03,01,7,disgust,2,strong,1,Kids are talking by the door,1,23,Actor_23,male,2
B:\Experiments\Project Peter\Data\Raw\Actor_23\03-01-07-02-01-02-23.wav,03-01-07-02-01-02-23.wav,428734,03,01,7,disgust,2,strong,1,Kids are talking by the door,2,23,Actor_23,male,2
B:\Experiments\Project Peter\Data\Raw\Actor_23\03-01-07-01-02-01-23.wav,03-01-07-01-02-01-23.wav,390296,03,01,7,disgust,1,normal,2,Dogs are sitting by the door,1,23,Actor_23,male,2
B:\Experiments\Project Peter\Data\Raw\Actor_23\03-01-07-01-02-02-23.wav,03-01-07-01-02-02-23.wav,377484,03,01,7,disgust,1,normal,2,Dogs are sitting by the door,2,23,Actor_23,male,2
B:\Experiments\Project Peter\Data\Raw\Actor_23\03-01-07-02-02-01-23.wav,03-01-07-02-02-01-23.wav,415916,03,01,7,disgust,2,strong,2,Dogs are sitting by the door,1,23,Actor_23,male,2
B:\Experiments\Project Peter\Data\Raw\Actor_23\03-01-07-02-02-02-23.wav,03-01-07-02-02-02-23.wav,428734,03,01,7,disgust,2,strong,2,Dogs are sitting by the door,2,23,Actor_23,male,2
B:\Experiments\Project Peter\Data\Raw\Actor_23\03-01-08-01-01-01-23.wav,03-01-08-01-01-01-23.wav,371078,03,01,8,surprised,1,normal,1,Kids are talking by the door,1,23,Actor_23,male,2
B:\Experiments\Project Peter\Data\Raw\Actor_23\03-01-08-01-01-02-23.wav,03-01-08-01-01-02-23.wav,367874,03,01,8,surprised,1,normal,1,Kids are talking by the door,2,23,Actor_23,male,2
B:\Experiments\Project Peter\Data\Raw\Actor_23\03-01-08-02-01-01-23.wav,03-01-08-02-01-01-23.wav,393500,03,01,8,surprised,2,strong,1,Kids are talking by the door,1,23,Actor_23,male,2
B:\Experiments\Project Peter\Data\Raw\Actor_23\03-01-08-02-01-02-23.wav,03-01-08-02-01-02-23.wav,380686,03,01,8,surprised,2,strong,1,Kids are talking by the door,2,23,Actor_23,male,2
B:\Experiments\Project Peter\Data\Raw\Actor_23\03-01-08-01-02-01-23.wav,03-01-08-01-02-01-23.wav,374280,03,01,8,surprised,1,normal,2,Dogs are sitting by the door,1,23,Actor_23,male,2
B:\Experiments\Project Peter\Data\Raw\Actor_23\03-01-08-01-02-02-23.wav,03-01-08-01-02-02-23.wav,374282,03,01,8,surprised,1,normal,2,Dogs are sitting by the door,2,23,Actor_23,male,2
B:\Experiments\Project Peter\Data\Raw\Actor_23\03-01-08-02-02-01-23.wav,03-01-08-02-02-01-23.wav,377462,03,01,8,surprised,2,strong,2,Dogs are sitting by the door,1,23,Actor_23,male,2
B:\Experiments\Project Peter\Data\Raw\Actor_23\03-01-08-02-02-02-23.wav,03-01-08-02-02-02-23.wav,374280,03,01,8,surprised,2,strong,2,Dogs are sitting by the door,2,23,Actor_23,male,2
B:\Experiments\Project Peter\Data\Raw\Actor_24\03-01-01-01-01-01-24.wav,03-01-01-01-01-01-24.wav,411950,03,01,1,neutral,1,normal,1,Kids are talking by the door,1,24,Actor_24,female,0
B:\Experiments\Project Peter\Data\Raw\Actor_24\03-01-01-01-01-02-24.wav,03-01-01-01-01-02-24.wav,405552,03,01,1,neutral,1,normal,1,Kids are talking by the door,2,24,Actor_24,female,0
B:\Experiments\Project Peter\Data\Raw\Actor_24\03-01-01-01-02-01-24.wav,03-01-01-01-02-01-24.wav,405338,03,01,1,neutral,1,normal,2,Dogs are sitting by the door,1,24,Actor_24,female,0
B:\Experiments\Project Peter\Data\Raw\Actor_24\03-01-01-01-02-02-24.wav,03-01-01-01-02-02-24.wav,402340,03,01,1,neutral,1,normal,2,Dogs are sitting by the door,2,24,Actor_24,female,0
B:\Experiments\Project Peter\Data\Raw\Actor_24\03-01-02-01-01-01-24.wav,03-01-02-01-01-01-24.wav,399146,03,01,2,calm,1,normal,1,Kids are talking by the door,1,24,Actor_24,female,0
B:\Experiments\Project Peter\Data\Raw\Actor_24\03-01-02-01-01-02-24.wav,03-01-02-01-01-02-24.wav,392740,03,01,2,calm,1,normal,1,Kids are talking by the door,2,24,Actor_24,female,0
B:\Experiments\Project Peter\Data\Raw\Actor_24\03-01-02-02-01-01-24.wav,03-01-02-02-01-01-24.wav,450472,03,01,2,calm,2,strong,1,Kids are talking by the door,1,24,Actor_24,female,0
B:\Experiments\Project Peter\Data\Raw\Actor_24\03-01-02-02-01-02-24.wav,03-01-02-02-01-02-24.wav,447272,03,01,2,calm,2,strong,1,Kids are talking by the door,2,24,Actor_24,female,0
B:\Experiments\Project Peter\Data\Raw\Actor_24\03-01-02-01-02-01-24.wav,03-01-02-01-02-01-24.wav,427976,03,01,2,calm,1,normal,2,Dogs are sitting by the door,1,24,Actor_24,female,0
B:\Experiments\Project Peter\Data\Raw\Actor_24\03-01-02-01-02-02-24.wav,03-01-02-01-02-02-24.wav,411958,03,01,2,calm,1,normal,2,Dogs are sitting by the door,2,24,Actor_24,female,0
B:\Experiments\Project Peter\Data\Raw\Actor_24\03-01-02-02-02-01-24.wav,03-01-02-02-02-01-24.wav,443992,03,01,2,calm,2,strong,2,Dogs are sitting by the door,1,24,Actor_24,female,0
B:\Experiments\Project Peter\Data\Raw\Actor_24\03-01-02-02-02-02-24.wav,03-01-02-02-02-02-24.wav,450470,03,01,2,calm,2,strong,2,Dogs are sitting by the door,2,24,Actor_24,female,0
B:\Experiments\Project Peter\Data\Raw\Actor_24\03-01-03-01-01-01-24.wav,03-01-03-01-01-01-24.wav,402428,03,01,3,happy,1,normal,1,Kids are talking by the door,1,24,Actor_24,female,0
B:\Experiments\Project Peter\Data\Raw\Actor_24\03-01-03-01-01-02-24.wav,03-01-03-01-01-02-24.wav,431256,03,01,3,happy,1,normal,1,Kids are talking by the door,2,24,Actor_24,female,0
B:\Experiments\Project Peter\Data\Raw\Actor_24\03-01-03-02-01-01-24.wav,03-01-03-02-01-01-24.wav,440866,03,01,3,happy,2,strong,1,Kids are talking by the door,1,24,Actor_24,female,0
B:\Experiments\Project Peter\Data\Raw\Actor_24\03-01-03-02-01-02-24.wav,03-01-03-02-01-02-24.wav,418438,03,01,3,happy,2,strong,1,Kids are talking by the door,2,24,Actor_24,female,0
B:\Experiments\Project Peter\Data\Raw\Actor_24\03-01-03-01-02-01-24.wav,03-01-03-01-02-01-24.wav,392818,03,01,3,happy,1,normal,2,Dogs are sitting by the door,1,24,Actor_24,female,0
B:\Experiments\Project Peter\Data\Raw\Actor_24\03-01-03-01-02-02-24.wav,03-01-03-01-02-02-24.wav,415240,03,01,3,happy,1,normal,2,Dogs are sitting by the door,2,24,Actor_24,female,0
B:\Experiments\Project Peter\Data\Raw\Actor_24\03-01-03-02-02-01-24.wav,03-01-03-02-02-01-24.wav,428054,03,01,3,happy,2,strong,2,Dogs are sitting by the door,1,24,Actor_24,female,0
B:\Experiments\Project Peter\Data\Raw\Actor_24\03-01-03-02-02-02-24.wav,03-01-03-02-02-02-24.wav,428054,03,01,3,happy,2,strong,2,Dogs are sitting by the door,2,24,Actor_24,female,0
B:\Experiments\Project Peter\Data\Raw\Actor_24\03-01-04-01-01-01-24.wav,03-01-04-01-01-01-24.wav,450490,03,01,4,sad,1,normal,1,Kids are talking by the door,1,24,Actor_24,female,0
B:\Experiments\Project Peter\Data\Raw\Actor_24\03-01-04-01-01-02-24.wav,03-01-04-01-01-02-24.wav,437666,03,01,4,sad,1,normal,1,Kids are talking by the door,2,24,Actor_24,female,0
B:\Experiments\Project Peter\Data\Raw\Actor_24\03-01-04-02-01-01-24.wav,03-01-04-02-01-01-24.wav,479318,03,01,4,sad,2,strong,1,Kids are talking by the door,1,24,Actor_24,female,0
B:\Experiments\Project Peter\Data\Raw\Actor_24\03-01-04-02-01-02-24.wav,03-01-04-02-01-02-24.wav,495336,03,01,4,sad,2,strong,1,Kids are talking by the door,2,24,Actor_24,female,0
B:\Experiments\Project Peter\Data\Raw\Actor_24\03-01-04-01-02-01-24.wav,03-01-04-01-02-01-24.wav,396036,03,01,4,sad,1,normal,2,Dogs are sitting by the door,1,24,Actor_24,female,0
B:\Experiments\Project Peter\Data\Raw\Actor_24\03-01-04-01-02-02-24.wav,03-01-04-01-02-02-24.wav,424864,03,01,4,sad,1,normal,2,Dogs are sitting by the door,2,24,Actor_24,female,0
B:\Experiments\Project Peter\Data\Raw\Actor_24\03-01-04-02-02-01-24.wav,03-01-04-02-02-01-24.wav,460100,03,01,4,sad,2,strong,2,Dogs are sitting by the door,1,24,Actor_24,female,0
B:\Experiments\Project Peter\Data\Raw\Actor_24\03-01-04-02-02-02-24.wav,03-01-04-02-02-02-24.wav,504944,03,01,4,sad,2,strong,2,Dogs are sitting by the door,2,24,Actor_24,female,0
B:\Experiments\Project Peter\Data\Raw\Actor_24\03-01-05-01-01-01-24.wav,03-01-05-01-01-01-24.wav,450490,03,01,5,angry,1,normal,1,Kids are talking by the door,1,24,Actor_24,female,0
B:\Experiments\Project Peter\Data\Raw\Actor_24\03-01-05-01-01-02-24.wav,03-01-05-01-01-02-24.wav,415254,03,01,5,angry,1,normal,1,Kids are talking by the door,2,24,Actor_24,female,0
B:\Experiments\Project Peter\Data\Raw\Actor_24\03-01-05-02-01-01-24.wav,03-01-05-02-01-01-24.wav,476112,03,01,5,angry,2,strong,1,Kids are talking by the door,1,24,Actor_24,female,0
B:\Experiments\Project Peter\Data\Raw\Actor_24\03-01-05-02-01-02-24.wav,03-01-05-02-01-02-24.wav,476112,03,01,5,angry,2,strong,1,Kids are talking by the door,2,24,Actor_24,female,0
B:\Experiments\Project Peter\Data\Raw\Actor_24\03-01-05-01-02-01-24.wav,03-01-05-01-02-01-24.wav,408848,03,01,5,angry,1,normal,2,Dogs are sitting by the door,1,24,Actor_24,female,0
B:\Experiments\Project Peter\Data\Raw\Actor_24\03-01-05-01-02-02-24.wav,03-01-05-01-02-02-24.wav,460098,03,01,5,angry,1,normal,2,Dogs are sitting by the door,2,24,Actor_24,female,0
B:\Experiments\Project Peter\Data\Raw\Actor_24\03-01-05-02-02-01-24.wav,03-01-05-02-02-01-24.wav,456892,03,01,5,angry,2,strong,2,Dogs are sitting by the door,1,24,Actor_24,female,0
B:\Experiments\Project Peter\Data\Raw\Actor_24\03-01-05-02-02-02-24.wav,03-01-05-02-02-02-24.wav,546582,03,01,5,angry,2,strong,2,Dogs are sitting by the door,2,24,Actor_24,female,0
B:\Experiments\Project Peter\Data\Raw\Actor_24\03-01-06-01-01-01-24.wav,03-01-06-01-01-01-24.wav,450486,03,01,6,fearful,1,normal,1,Kids are talking by the door,1,24,Actor_24,female,0
B:\Experiments\Project Peter\Data\Raw\Actor_24\03-01-06-01-01-02-24.wav,03-01-06-01-01-02-24.wav,447276,03,01,6,fearful,1,normal,1,Kids are talking by the door,2,24,Actor_24,female,0
B:\Experiments\Project Peter\Data\Raw\Actor_24\03-01-06-02-01-01-24.wav,03-01-06-02-01-01-24.wav,424864,03,01,6,fearful,2,strong,1,Kids are talking by the door,1,24,Actor_24,female,0
B:\Experiments\Project Peter\Data\Raw\Actor_24\03-01-06-02-01-02-24.wav,03-01-06-02-01-02-24.wav,447286,03,01,6,fearful,2,strong,1,Kids are talking by the door,2,24,Actor_24,female,0
B:\Experiments\Project Peter\Data\Raw\Actor_24\03-01-06-01-02-01-24.wav,03-01-06-01-02-01-24.wav,434472,03,01,6,fearful,1,normal,2,Dogs are sitting by the door,1,24,Actor_24,female,0
B:\Experiments\Project Peter\Data\Raw\Actor_24\03-01-06-01-02-02-24.wav,03-01-06-01-02-02-24.wav,440880,03,01,6,fearful,1,normal,2,Dogs are sitting by the door,2,24,Actor_24,female,0
B:\Experiments\Project Peter\Data\Raw\Actor_24\03-01-06-02-02-01-24.wav,03-01-06-02-02-01-24.wav,402440,03,01,6,fearful,2,strong,2,Dogs are sitting by the door,1,24,Actor_24,female,0
B:\Experiments\Project Peter\Data\Raw\Actor_24\03-01-06-02-02-02-24.wav,03-01-06-02-02-02-24.wav,424864,03,01,6,fearful,2,strong,2,Dogs are sitting by the door,2,24,Actor_24,female,0
B:\Experiments\Project Peter\Data\Raw\Actor_24\03-01-07-01-01-01-24.wav,03-01-07-01-01-01-24.wav,450498,03,01,7,disgust,1,normal,1,Kids are talking by the door,1,24,Actor_24,female,0
B:\Experiments\Project Peter\Data\Raw\Actor_24\03-01-07-01-01-02-24.wav,03-01-07-01-01-02-24.wav,450486,03,01,7,disgust,1,normal,1,Kids are talking by the door,2,24,Actor_24,female,0
B:\Experiments\Project Peter\Data\Raw\Actor_24\03-01-07-02-01-01-24.wav,03-01-07-02-01-01-24.wav,472912,03,01,7,disgust,2,strong,1,Kids are talking by the door,1,24,Actor_24,female,0
B:\Experiments\Project Peter\Data\Raw\Actor_24\03-01-07-02-01-02-24.wav,03-01-07-02-01-02-24.wav,501740,03,01,7,disgust,2,strong,1,Kids are talking by the door,2,24,Actor_24,female,0
B:\Experiments\Project Peter\Data\Raw\Actor_24\03-01-07-01-02-01-24.wav,03-01-07-01-02-01-24.wav,440880,03,01,7,disgust,1,normal,2,Dogs are sitting by the door,1,24,Actor_24,female,0
B:\Experiments\Project Peter\Data\Raw\Actor_24\03-01-07-01-02-02-24.wav,03-01-07-01-02-02-24.wav,447286,03,01,7,disgust,1,normal,2,Dogs are sitting by the door,2,24,Actor_24,female,0
B:\Experiments\Project Peter\Data\Raw\Actor_24\03-01-07-02-02-01-24.wav,03-01-07-02-02-01-24.wav,463302,03,01,7,disgust,2,strong,2,Dogs are sitting by the door,1,24,Actor_24,female,0
B:\Experiments\Project Peter\Data\Raw\Actor_24\03-01-07-02-02-02-24.wav,03-01-07-02-02-02-24.wav,482522,03,01,7,disgust,2,strong,2,Dogs are sitting by the door,2,24,Actor_24,female,0
B:\Experiments\Project Peter\Data\Raw\Actor_24\03-01-08-01-01-01-24.wav,03-01-08-01-01-01-24.wav,373600,03,01,8,surprised,1,normal,1,Kids are talking by the door,1,24,Actor_24,female,0
B:\Experiments\Project Peter\Data\Raw\Actor_24\03-01-08-01-01-02-24.wav,03-01-08-01-01-02-24.wav,389630,03,01,8,surprised,1,normal,1,Kids are talking by the door,2,24,Actor_24,female,0
B:\Experiments\Project Peter\Data\Raw\Actor_24\03-01-08-02-01-01-24.wav,03-01-08-02-01-01-24.wav,434196,03,01,8,surprised,2,strong,1,Kids are talking by the door,1,24,Actor_24,female,0
B:\Experiments\Project Peter\Data\Raw\Actor_24\03-01-08-02-01-02-24.wav,03-01-08-02-01-02-24.wav,437676,03,01,8,surprised,2,strong,1,Kids are talking by the door,2,24,Actor_24,female,0
B:\Experiments\Project Peter\Data\Raw\Actor_24\03-01-08-01-02-01-24.wav,03-01-08-01-02-01-24.wav,380006,03,01,8,surprised,1,normal,2,Dogs are sitting by the door,1,24,Actor_24,female,0
B:\Experiments\Project Peter\Data\Raw\Actor_24\03-01-08-01-02-02-24.wav,03-01-08-01-02-02-24.wav,383208,03,01,8,surprised,1,normal,2,Dogs are sitting by the door,2,24,Actor_24,female,0
B:\Experiments\Project Peter\Data\Raw\Actor_24\03-01-08-02-02-01-24.wav,03-01-08-02-02-01-24.wav,408848,03,01,8,surprised,2,strong,2,Dogs are sitting by the door,1,24,Actor_24,female,0
B:\Experiments\Project Peter\Data\Raw\Actor_24\03-01-08-02-02-02-24.wav,03-01-08-02-02-02-24.wav,405644,03,01,8,surprised,2,strong,2,Dogs are sitting by the door,2,24,Actor_24,female,0
